[
  {
    "_id": "5a57707eaec93921155ae491",
    "_graphic": {
      "alt": "",
      "src": "course/en/assets/1fc73255e55ba04b56c12fcf0dda29d60db46b4d.jpg"
    },
    "_parentId": "course",
    "_type": "page",
    "_isAvailable": true,
    "_isOptional": false,
    "_lockedBy": [],
    "duration": "",
    "linkText": "View",
    "_classes": "",
    "body": "<p>Open data has the potential to help grow economies, transform societies and protect the environment.</p><p>In this module, we explore how governments, businesses and individuals are using open data to create new value.</p>",
    "displayTitle": "Unlocking value from open data",
    "title": "Unlocking value from open data",
    "_ODILicence": {
      "_items": []
    },
    "_aboutPage": {
      "_items": [],
      "SL_text": "",
      "aboutCredit": "<p>This work &quot;Unlocking value from open data&quot;, is a derivative of &quot;<a href=\"https://www.europeandataportal.eu/elearning/en/module2/\" target=\"_blank\">Unlocking value from open data</a>&quot; by&nbsp;<a href=\"https://ec.europa.eu/commission/index_en\" target=\"_blank\">European Commission</a>, used under&nbsp;<a href=\"https://creativecommons.org/licenses/by-sa/4.0/\" target=\"_blank\">CC-BY-SA 4.0</a>.</p>"
    },
    "_skillsFramework": {
      "_skills": [
        {
          "level": "explorer",
          "credits": 5,
          "outcome": "Describe the benefits of working with open data"
        },
        {
          "level": "explorer",
          "credits": 5,
          "outcome": "Describe successful case studies of using and publishing open data"
        }
      ]
    },
    "_pageLevelProgress": {
      "_showPageCompletion": true,
      "_isEnabled": true
    }
  }
]