[
  {
    "_id": "5a57922d803708b522b2f89e",
    "_parentId": "5a57922d803708b522b2f867",
    "_type": "block",
    "_isAvailable": true,
    "_isOptional": false,
    "_trackingId": 1,
    "_classes": "color-six",
    "body": "",
    "displayTitle": "",
    "title": " ",
    "_assessment": {
      "_quizBankID": 1
    }
  },
  {
    "_id": "5a57922d803708b522b2f8a8",
    "_parentId": "5a57922d803708b522b2f869",
    "_type": "block",
    "_isAvailable": true,
    "_isOptional": false,
    "_trackingId": 2,
    "_classes": "color-six",
    "body": "",
    "displayTitle": "",
    "title": " ",
    "_assessment": {
      "_quizBankID": 1
    }
  },
  {
    "_id": "5a57922d803708b522b2f8c6",
    "_parentId": "5a57922d803708b522b2f86f",
    "_type": "block",
    "_isAvailable": true,
    "_isOptional": false,
    "_trackingId": 3,
    "_classes": "color-five",
    "body": "",
    "displayTitle": "",
    "title": " ",
    "_assessment": {
      "_quizBankID": 1
    }
  },
  {
    "_id": "5a57922d803708b522b2f8b2",
    "_parentId": "5a57922d803708b522b2f86b",
    "_type": "block",
    "_isAvailable": true,
    "_isOptional": false,
    "_trackingId": 4,
    "_classes": "color-four",
    "body": "",
    "displayTitle": "",
    "title": " ",
    "_assessment": {
      "_quizBankID": 1
    }
  },
  {
    "_id": "5a57922d803708b522b2f8bd",
    "_parentId": "5a57922d803708b522b2f86d",
    "_type": "block",
    "_isAvailable": true,
    "_isOptional": false,
    "_trackingId": 5,
    "_classes": "color-nine",
    "body": "",
    "displayTitle": "",
    "title": " ",
    "_assessment": {
      "_quizBankID": 1
    }
  },
  {
    "_id": "5a57922d803708b522b2f8a4",
    "_parentId": "5a57922d803708b522b2f868",
    "_type": "block",
    "_isAvailable": true,
    "_isOptional": false,
    "_trackingId": 6,
    "_classes": "color-seven",
    "body": "",
    "displayTitle": " ",
    "title": " ",
    "_assessment": {
      "_quizBankID": 1
    }
  },
  {
    "_id": "5a57922d803708b522b2f8d0",
    "_parentId": "5a57922d803708b522b2f871",
    "_type": "block",
    "_isAvailable": true,
    "_isOptional": false,
    "_trackingId": 7,
    "_classes": "color-six",
    "body": "",
    "displayTitle": "",
    "title": " ",
    "_assessment": {
      "_quizBankID": 1
    }
  },
  {
    "_id": "5a57922d803708b522b2f8e1",
    "_parentId": "5a57922d803708b522b2f875",
    "_type": "block",
    "_isAvailable": true,
    "_isOptional": false,
    "_trackingId": 8,
    "_classes": "color-nine",
    "body": "",
    "displayTitle": "",
    "title": " ",
    "_assessment": {
      "_quizBankID": 1
    }
  },
  {
    "_id": "5a57922d803708b522b2f8dc",
    "_parentId": "5a57922d803708b522b2f873",
    "_type": "block",
    "_isAvailable": true,
    "_isOptional": false,
    "_trackingId": 9,
    "_classes": "color-four",
    "body": "",
    "displayTitle": "",
    "title": " ",
    "_assessment": {
      "_quizBankID": 1
    }
  },
  {
    "_id": "5a57922d803708b522b2f895",
    "_parentId": "5a57922d803708b522b2f865",
    "_type": "block",
    "_isAvailable": true,
    "_isOptional": false,
    "_trackingId": 10,
    "_classes": "color-nine",
    "body": "",
    "displayTitle": "",
    "title": " ",
    "_assessment": {
      "_quizBankID": 1
    }
  },
  {
    "_id": "5a57922d803708b522b2f88d",
    "_parentId": "5a57922d803708b522b2f863",
    "_type": "block",
    "_isAvailable": true,
    "_isOptional": false,
    "_trackingId": 11,
    "_classes": "",
    "body": "",
    "displayTitle": "",
    "title": "  ",
    "_assessment": {
      "_quizBankID": 1
    }
  },
  {
    "_id": "5a57922d803708b522b2f877",
    "_parentId": "5a57922d803708b522b2f856",
    "_type": "block",
    "_isAvailable": true,
    "_isOptional": false,
    "_trackingId": 12,
    "_classes": "color-six",
    "body": "",
    "displayTitle": "",
    "title": " ",
    "_assessment": {
      "_quizBankID": 1
    }
  },
  {
    "_id": "5a57922d803708b522b2f87f",
    "_parentId": "5a57922d803708b522b2f862",
    "_type": "block",
    "_isAvailable": true,
    "_isOptional": false,
    "_trackingId": 13,
    "_classes": " ",
    "body": "",
    "displayTitle": "  ",
    "title": "  ",
    "_assessment": {
      "_quizBankID": 1
    }
  },
  {
    "_id": "5a57922d803708b522b2f8d4",
    "_parentId": "5a57922d803708b522b2f872",
    "_type": "block",
    "_isAvailable": true,
    "_isOptional": false,
    "_trackingId": 14,
    "_classes": " color-seven",
    "body": "",
    "displayTitle": " ",
    "title": " ",
    "_assessment": {
      "_quizBankID": 1
    }
  },
  {
    "_id": "5a57922d803708b522b2f888",
    "_parentId": "5a57922d803708b522b2f860",
    "_type": "block",
    "_isAvailable": true,
    "_isOptional": false,
    "_trackingId": 15,
    "_classes": "inverted footer  ",
    "body": "",
    "displayTitle": "  ",
    "title": "  ",
    "_assessment": {
      "_quizBankID": 1
    }
  },
  {
    "_id": "5a57922d803708b522b2f8b9",
    "_parentId": "5a57922d803708b522b2f86c",
    "_type": "block",
    "_isAvailable": true,
    "_isOptional": false,
    "_trackingId": 16,
    "_classes": "inverted color-two",
    "body": "",
    "displayTitle": " ",
    "title": " ",
    "_assessment": {
      "_quizBankID": 1
    }
  },
  {
    "_id": "5a57922d803708b522b2f8de",
    "_parentId": "5a57922d803708b522b2f874",
    "_type": "block",
    "_isAvailable": true,
    "_isOptional": false,
    "_trackingId": 17,
    "_classes": " inverted color-two",
    "body": "",
    "displayTitle": " ",
    "title": " ",
    "_assessment": {
      "_quizBankID": 1
    }
  },
  {
    "_id": "5a57922d803708b522b2f8e8",
    "_parentId": "5a57922d803708b522b2f876",
    "_type": "block",
    "_isAvailable": true,
    "_isOptional": false,
    "_trackingId": 18,
    "_classes": "inverted color-seven",
    "body": "",
    "displayTitle": "  ",
    "title": "  ",
    "_assessment": {
      "_quizBankID": 1
    }
  },
  {
    "_id": "5a57922d803708b522b2f88c",
    "_parentId": "5a57922d803708b522b2f85f",
    "_type": "block",
    "_isAvailable": true,
    "_isOptional": false,
    "_trackingId": 19,
    "_classes": "footer inverted",
    "body": "",
    "displayTitle": " ",
    "title": " ",
    "_assessment": {
      "_quizBankID": 1
    }
  },
  {
    "_id": "5a57922d803708b522b2f884",
    "_parentId": "5a57922d803708b522b2f859",
    "_type": "block",
    "_isAvailable": true,
    "_isOptional": false,
    "_trackingId": 20,
    "_classes": "inverted footer ",
    "body": "",
    "displayTitle": "  ",
    "title": "  ",
    "_assessment": {
      "_quizBankID": 1
    }
  },
  {
    "_id": "5a57922d803708b522b2f892",
    "_parentId": "5a57922d803708b522b2f864",
    "_type": "block",
    "_isAvailable": true,
    "_isOptional": false,
    "_trackingId": 21,
    "_classes": " inverted color-two",
    "body": "",
    "displayTitle": " ",
    "title": " ",
    "_assessment": {
      "_quizBankID": 1
    }
  },
  {
    "_id": "5a57922d803708b522b2f8ae",
    "_parentId": "5a57922d803708b522b2f86a",
    "_type": "block",
    "_isAvailable": true,
    "_isOptional": false,
    "_trackingId": 22,
    "_classes": "",
    "body": "",
    "displayTitle": "  ",
    "title": "  ",
    "_assessment": {
      "_quizBankID": 1
    }
  },
  {
    "_id": "5a57922d803708b522b2f8cd",
    "_parentId": "5a57922d803708b522b2f870",
    "_type": "block",
    "_isAvailable": true,
    "_isOptional": false,
    "_trackingId": 23,
    "_classes": "inverted color-seven ",
    "body": "",
    "displayTitle": " ",
    "title": " ",
    "_assessment": {
      "_quizBankID": 1
    }
  },
  {
    "_id": "5a57922d803708b522b2f8c3",
    "_parentId": "5a57922d803708b522b2f86e",
    "_type": "block",
    "_isAvailable": true,
    "_isOptional": false,
    "_trackingId": 24,
    "_classes": "color-seven",
    "body": "",
    "displayTitle": "  ",
    "title": "  ",
    "_assessment": {
      "_quizBankID": 1
    }
  },
  {
    "_id": "5a57922d803708b522b2f89b",
    "_parentId": "5a57922d803708b522b2f866",
    "_type": "block",
    "_isAvailable": true,
    "_isOptional": false,
    "_trackingId": 25,
    "_classes": " ",
    "body": "",
    "displayTitle": "  ",
    "title": "  ",
    "_assessment": {
      "_quizBankID": 1
    }
  },
  {
    "_id": "5a57922d803708b522b2f8d1",
    "_parentId": "5a57922d803708b522b2f871",
    "_type": "block",
    "_isAvailable": true,
    "_isOptional": false,
    "_trackingId": 26,
    "_classes": "inverted color-six",
    "body": "",
    "displayTitle": " ",
    "title": " ",
    "_assessment": {
      "_quizBankID": 1
    }
  },
  {
    "_id": "5a57922d803708b522b2f881",
    "_parentId": "5a57922d803708b522b2f858",
    "_type": "block",
    "_isAvailable": true,
    "_isOptional": false,
    "_trackingId": 27,
    "_classes": "footer inverted",
    "body": "",
    "displayTitle": " ",
    "title": " ",
    "_assessment": {
      "_quizBankID": 1
    }
  },
  {
    "_id": "5a57922d803708b522b2f8cc",
    "_parentId": "5a57922d803708b522b2f870",
    "_type": "block",
    "_isAvailable": true,
    "_isOptional": false,
    "_trackingId": 28,
    "_classes": " color-seven",
    "body": "",
    "displayTitle": " ",
    "title": " ",
    "_assessment": {
      "_quizBankID": 1
    }
  },
  {
    "_id": "5a57922d803708b522b2f887",
    "_parentId": "5a57922d803708b522b2f861",
    "_type": "block",
    "_isAvailable": true,
    "_isOptional": false,
    "_trackingId": 29,
    "_classes": "inverted footer",
    "body": "",
    "displayTitle": "  ",
    "title": "  ",
    "_assessment": {
      "_quizBankID": 1
    }
  },
  {
    "_id": "5a57922d803708b522b2f896",
    "_parentId": "5a57922d803708b522b2f865",
    "_type": "block",
    "_isAvailable": true,
    "_isOptional": false,
    "_trackingId": 30,
    "_classes": "inverted color-nine",
    "body": "",
    "displayTitle": "  ",
    "title": "  ",
    "_assessment": {
      "_quizBankID": 1
    }
  },
  {
    "_id": "5a57922d803708b522b2f8a5",
    "_parentId": "5a57922d803708b522b2f868",
    "_type": "block",
    "_isAvailable": true,
    "_isOptional": false,
    "_trackingId": 31,
    "_classes": "inverted color-seven",
    "body": "",
    "displayTitle": " ",
    "title": " ",
    "_assessment": {
      "_quizBankID": 1
    }
  },
  {
    "_id": "5a57922d803708b522b2f880",
    "_parentId": "5a57922d803708b522b2f862",
    "_type": "block",
    "_isAvailable": true,
    "_isOptional": false,
    "_trackingId": 32,
    "_classes": "inverted color-seven ",
    "body": "",
    "displayTitle": " ",
    "title": " ",
    "_assessment": {
      "_quizBankID": 1
    }
  },
  {
    "_id": "5a57922d803708b522b2f8ba",
    "_parentId": "5a57922d803708b522b2f86c",
    "_type": "block",
    "_isAvailable": true,
    "_isOptional": false,
    "_trackingId": 33,
    "_classes": "color-two",
    "body": "",
    "displayTitle": " ",
    "title": " ",
    "_assessment": {
      "_quizBankID": 1
    }
  },
  {
    "_id": "5a57922d803708b522b2f8c4",
    "_parentId": "5a57922d803708b522b2f86e",
    "_type": "block",
    "_isAvailable": true,
    "_isOptional": false,
    "_trackingId": 34,
    "_classes": "inverted color-seven",
    "body": "",
    "displayTitle": "  ",
    "title": "  ",
    "_assessment": {
      "_quizBankID": 1
    }
  },
  {
    "_id": "5a57922d803708b522b2f8e0",
    "_parentId": "5a57922d803708b522b2f874",
    "_type": "block",
    "_isAvailable": true,
    "_isOptional": false,
    "_trackingId": 35,
    "_classes": "color-two",
    "body": "",
    "displayTitle": " ",
    "title": " ",
    "_assessment": {
      "_quizBankID": 1
    }
  },
  {
    "_id": "5a57922d803708b522b2f8e2",
    "_parentId": "5a57922d803708b522b2f875",
    "_type": "block",
    "_isAvailable": true,
    "_isOptional": false,
    "_trackingId": 36,
    "_classes": "inverted color-nine",
    "body": "",
    "displayTitle": " ",
    "title": " ",
    "_assessment": {
      "_quizBankID": 1
    }
  },
  {
    "_id": "5a57922d803708b522b2f878",
    "_parentId": "5a57922d803708b522b2f856",
    "_type": "block",
    "_isAvailable": true,
    "_isOptional": false,
    "_trackingId": 37,
    "_classes": "inverted color-six",
    "body": "",
    "displayTitle": " ",
    "title": " ",
    "_assessment": {
      "_quizBankID": 1
    }
  },
  {
    "_id": "5a57922d803708b522b2f89f",
    "_parentId": "5a57922d803708b522b2f867",
    "_type": "block",
    "_isAvailable": true,
    "_isOptional": false,
    "_trackingId": 38,
    "_classes": "inverted color-five",
    "body": "",
    "displayTitle": " ",
    "title": " ",
    "_assessment": {
      "_quizBankID": 1
    }
  },
  {
    "_id": "5a57922d803708b522b2f87a",
    "_parentId": "5a57922d803708b522b2f857",
    "_type": "block",
    "_isAvailable": true,
    "_isOptional": false,
    "_trackingId": 39,
    "_classes": "inverted footer",
    "body": "",
    "displayTitle": " ",
    "title": " ",
    "_assessment": {
      "_quizBankID": 1
    }
  },
  {
    "_id": "5a57922d803708b522b2f8af",
    "_parentId": "5a57922d803708b522b2f86a",
    "_type": "block",
    "_isAvailable": true,
    "_isOptional": false,
    "_trackingId": 40,
    "_classes": "inverted color-seven",
    "body": "",
    "displayTitle": "  ",
    "title": "  ",
    "_assessment": {
      "_quizBankID": 1
    }
  },
  {
    "_id": "5a57922d803708b522b2f8b3",
    "_parentId": "5a57922d803708b522b2f86b",
    "_type": "block",
    "_isAvailable": true,
    "_isOptional": false,
    "_trackingId": 41,
    "_classes": "inverted color-four",
    "body": "",
    "displayTitle": " ",
    "title": " ",
    "_assessment": {
      "_quizBankID": 1
    }
  },
  {
    "_id": "5a57922d803708b522b2f8d7",
    "_parentId": "5a57922d803708b522b2f873",
    "_type": "block",
    "_isAvailable": true,
    "_isOptional": false,
    "_trackingId": 42,
    "_classes": "inverted color-four",
    "body": "",
    "displayTitle": " ",
    "title": " ",
    "_assessment": {
      "_quizBankID": 1
    }
  },
  {
    "_id": "5a57922d803708b522b2f8c7",
    "_parentId": "5a57922d803708b522b2f86f",
    "_type": "block",
    "_isAvailable": true,
    "_isOptional": false,
    "_trackingId": 43,
    "_classes": "inverted color-five",
    "body": "",
    "displayTitle": " ",
    "title": " ",
    "_assessment": {
      "_quizBankID": 1
    }
  },
  {
    "_id": "5a57922d803708b522b2f88b",
    "_parentId": "5a57922d803708b522b2f85e",
    "_type": "block",
    "_isAvailable": true,
    "_isOptional": false,
    "_trackingId": 44,
    "_classes": "inverted footer",
    "body": "",
    "displayTitle": "  ",
    "title": "  ",
    "_assessment": {
      "_quizBankID": 1
    }
  },
  {
    "_id": "5a57922d803708b522b2f8e9",
    "_parentId": "5a57922d803708b522b2f876",
    "_type": "block",
    "_isAvailable": true,
    "_isOptional": false,
    "_trackingId": 45,
    "_classes": "color-seven",
    "body": "",
    "displayTitle": "  ",
    "title": "  ",
    "_assessment": {
      "_quizBankID": 1
    }
  },
  {
    "_id": "5a57922d803708b522b2f88a",
    "_parentId": "5a57922d803708b522b2f85d",
    "_type": "block",
    "_isAvailable": true,
    "_isOptional": false,
    "_trackingId": 46,
    "_classes": "inverted footer",
    "body": "",
    "displayTitle": "  ",
    "title": "  ",
    "_assessment": {
      "_quizBankID": 1
    }
  },
  {
    "_id": "5a57922d803708b522b2f89c",
    "_parentId": "5a57922d803708b522b2f866",
    "_type": "block",
    "_isAvailable": true,
    "_isOptional": false,
    "_trackingId": 47,
    "_classes": " inverted color-seven",
    "body": "",
    "displayTitle": " ",
    "title": " ",
    "_assessment": {
      "_quizBankID": 1
    }
  },
  {
    "_id": "5a57922d803708b522b2f886",
    "_parentId": "5a57922d803708b522b2f85c",
    "_type": "block",
    "_isAvailable": true,
    "_isOptional": false,
    "_trackingId": 48,
    "_classes": "inverted footer",
    "body": "",
    "displayTitle": " ",
    "title": " ",
    "_assessment": {
      "_quizBankID": 1
    }
  },
  {
    "_id": "5a57922d803708b522b2f885",
    "_parentId": "5a57922d803708b522b2f85b",
    "_type": "block",
    "_isAvailable": true,
    "_isOptional": false,
    "_trackingId": 49,
    "_classes": "inverted footer",
    "body": "",
    "displayTitle": " ",
    "title": " ",
    "_assessment": {
      "_quizBankID": 1
    }
  },
  {
    "_id": "5a57922d803708b522b2f893",
    "_parentId": "5a57922d803708b522b2f864",
    "_type": "block",
    "_isAvailable": true,
    "_isOptional": false,
    "_trackingId": 50,
    "_classes": "color-two",
    "body": "",
    "displayTitle": " ",
    "title": " ",
    "_assessment": {
      "_quizBankID": 1
    }
  },
  {
    "_id": "5a57922d803708b522b2f8a9",
    "_parentId": "5a57922d803708b522b2f869",
    "_type": "block",
    "_isAvailable": true,
    "_isOptional": false,
    "_trackingId": 51,
    "_classes": "inverted color-six",
    "body": "",
    "displayTitle": "  ",
    "title": "  ",
    "_assessment": {
      "_quizBankID": 1
    }
  },
  {
    "_id": "5a57922d803708b522b2f8be",
    "_parentId": "5a57922d803708b522b2f86d",
    "_type": "block",
    "_isAvailable": true,
    "_isOptional": false,
    "_trackingId": 52,
    "_classes": "inverted color-nine",
    "body": "",
    "displayTitle": "  ",
    "title": "  ",
    "_assessment": {
      "_quizBankID": 1
    }
  },
  {
    "_id": "5a57922d803708b522b2f891",
    "_parentId": "5a57922d803708b522b2f863",
    "_type": "block",
    "_isAvailable": true,
    "_isOptional": false,
    "_trackingId": 53,
    "_classes": "inverted color-four",
    "body": "",
    "displayTitle": "  ",
    "title": "  ",
    "_assessment": {
      "_quizBankID": 1
    }
  },
  {
    "_id": "5a57922d803708b522b2f883",
    "_parentId": "5a57922d803708b522b2f85a",
    "_type": "block",
    "_isAvailable": true,
    "_isOptional": false,
    "_trackingId": 54,
    "_classes": "inverted footer",
    "body": "",
    "displayTitle": " ",
    "title": " ",
    "_assessment": {
      "_quizBankID": 1
    }
  },
  {
    "_id": "5a57922d803708b522b2f8d5",
    "_parentId": "5a57922d803708b522b2f872",
    "_type": "block",
    "_isAvailable": true,
    "_isOptional": false,
    "_trackingId": 55,
    "_classes": "inverted color-seven",
    "body": "",
    "displayTitle": " ",
    "title": " ",
    "_assessment": {
      "_quizBankID": 1
    }
  },
  {
    "_id": "5a57922d803708b522b2f8da",
    "_parentId": "5a57922d803708b522b2f873",
    "_type": "block",
    "_isAvailable": true,
    "_isOptional": false,
    "_trackingId": 56,
    "_classes": "color-four",
    "body": "",
    "displayTitle": " ",
    "title": " ",
    "_assessment": {
      "_quizBankID": 1
    }
  },
  {
    "_id": "5a57922d803708b522b2f8d6",
    "_parentId": "5a57922d803708b522b2f872",
    "_type": "block",
    "_isAvailable": true,
    "_isOptional": false,
    "_trackingId": 57,
    "_classes": " color-seven",
    "body": "",
    "displayTitle": " ",
    "title": " ",
    "_assessment": {
      "_quizBankID": 1
    }
  },
  {
    "_id": "5a57922d803708b522b2f8bb",
    "_parentId": "5a57922d803708b522b2f86c",
    "_type": "block",
    "_isAvailable": true,
    "_isOptional": false,
    "_trackingId": 58,
    "_classes": "inverted color-two",
    "body": "",
    "displayTitle": " ",
    "title": " ",
    "_assessment": {
      "_quizBankID": 1
    }
  },
  {
    "_id": "5a57922d803708b522b2f8ce",
    "_parentId": "5a57922d803708b522b2f871",
    "_type": "block",
    "_isAvailable": true,
    "_isOptional": false,
    "_trackingId": 59,
    "_classes": " color-six",
    "body": "",
    "displayTitle": " ",
    "title": " ",
    "_assessment": {
      "_quizBankID": 1
    }
  },
  {
    "_id": "5a57922d803708b522b2f8bf",
    "_parentId": "5a57922d803708b522b2f86d",
    "_type": "block",
    "_isAvailable": true,
    "_isOptional": false,
    "_trackingId": 60,
    "_classes": "color-nine",
    "body": "",
    "displayTitle": "  ",
    "title": "  ",
    "_assessment": {
      "_quizBankID": 1
    }
  },
  {
    "_id": "5a57922d803708b522b2f8cb",
    "_parentId": "5a57922d803708b522b2f870",
    "_type": "block",
    "_isAvailable": true,
    "_isOptional": false,
    "_trackingId": 61,
    "_classes": "inverted color-seven",
    "body": "",
    "displayTitle": " ",
    "title": " ",
    "_assessment": {
      "_quizBankID": 1
    }
  },
  {
    "_id": "5a57922d803708b522b2f8c8",
    "_parentId": "5a57922d803708b522b2f86f",
    "_type": "block",
    "_isAvailable": true,
    "_isOptional": false,
    "_trackingId": 62,
    "_classes": " color-five",
    "body": "",
    "displayTitle": " ",
    "title": " ",
    "_assessment": {
      "_quizBankID": 1
    }
  },
  {
    "_id": "5a57922d803708b522b2f8e3",
    "_parentId": "5a57922d803708b522b2f875",
    "_type": "block",
    "_isAvailable": true,
    "_isOptional": false,
    "_trackingId": 63,
    "_classes": "color-nine",
    "body": "",
    "displayTitle": "",
    "title": "  ",
    "_assessment": {
      "_quizBankID": 1
    }
  },
  {
    "_id": "5a57922d803708b522b2f882",
    "_parentId": "5a57922d803708b522b2f862",
    "_type": "block",
    "_isAvailable": true,
    "_isOptional": false,
    "_trackingId": 64,
    "_classes": " ",
    "body": "",
    "displayTitle": "  ",
    "title": "  ",
    "_assessment": {
      "_quizBankID": 1
    }
  },
  {
    "_id": "5a57922d803708b522b2f897",
    "_parentId": "5a57922d803708b522b2f865",
    "_type": "block",
    "_isAvailable": true,
    "_isOptional": false,
    "_trackingId": 65,
    "_classes": "color-nine",
    "body": "",
    "displayTitle": " ",
    "title": " ",
    "_assessment": {
      "_quizBankID": 1
    }
  },
  {
    "_id": "5a57922d803708b522b2f8a6",
    "_parentId": "5a57922d803708b522b2f868",
    "_type": "block",
    "_isAvailable": true,
    "_isOptional": false,
    "_trackingId": 66,
    "_classes": "color-seven",
    "body": "",
    "displayTitle": " ",
    "title": " ",
    "_assessment": {
      "_quizBankID": 1
    }
  },
  {
    "_id": "5a57922d803708b522b2f8b4",
    "_parentId": "5a57922d803708b522b2f86b",
    "_type": "block",
    "_isAvailable": true,
    "_isOptional": false,
    "_trackingId": 67,
    "_classes": "color-four",
    "body": "",
    "displayTitle": " ",
    "title": " ",
    "_assessment": {
      "_quizBankID": 1
    }
  },
  {
    "_id": "5a57922d803708b522b2f8c5",
    "_parentId": "5a57922d803708b522b2f86e",
    "_type": "block",
    "_isAvailable": true,
    "_isOptional": false,
    "_trackingId": 68,
    "_classes": "color-seven",
    "body": "",
    "displayTitle": "  ",
    "title": "  ",
    "_assessment": {
      "_quizBankID": 1
    }
  },
  {
    "_id": "5a57922d803708b522b2f8df",
    "_parentId": "5a57922d803708b522b2f874",
    "_type": "block",
    "_isAvailable": true,
    "_isOptional": false,
    "_trackingId": 69,
    "_classes": "inverted color-two",
    "body": "",
    "displayTitle": " ",
    "title": " ",
    "_assessment": {
      "_quizBankID": 1
    }
  },
  {
    "_id": "5a57922d803708b522b2f8ea",
    "_parentId": "5a57922d803708b522b2f876",
    "_type": "block",
    "_isAvailable": true,
    "_isOptional": false,
    "_trackingId": 70,
    "_classes": "inverted color-seven",
    "body": "",
    "displayTitle": "  ",
    "title": "  ",
    "_assessment": {
      "_quizBankID": 1
    }
  },
  {
    "_id": "5a57922d803708b522b2f89d",
    "_parentId": "5a57922d803708b522b2f866",
    "_type": "block",
    "_isAvailable": true,
    "_isOptional": false,
    "_trackingId": 71,
    "_classes": " ",
    "body": "",
    "displayTitle": " ",
    "title": " ",
    "_assessment": {
      "_quizBankID": 1
    }
  },
  {
    "_id": "5a57922d803708b522b2f88f",
    "_parentId": "5a57922d803708b522b2f863",
    "_type": "block",
    "_isAvailable": true,
    "_isOptional": false,
    "_trackingId": 72,
    "_classes": " color-four",
    "body": "",
    "displayTitle": " ",
    "title": " ",
    "_assessment": {
      "_quizBankID": 1
    }
  },
  {
    "_id": "5a57922d803708b522b2f889",
    "_parentId": "5a57922d803708b522b2f856",
    "_type": "block",
    "_isAvailable": true,
    "_isOptional": false,
    "_trackingId": 73,
    "_classes": "color-six",
    "body": "",
    "displayTitle": "  ",
    "title": "  ",
    "_assessment": {
      "_quizBankID": 1
    }
  },
  {
    "_id": "5a57922d803708b522b2f8a0",
    "_parentId": "5a57922d803708b522b2f867",
    "_type": "block",
    "_isAvailable": true,
    "_isOptional": false,
    "_trackingId": 74,
    "_classes": "color-five",
    "body": "",
    "displayTitle": " ",
    "title": " ",
    "_assessment": {
      "_quizBankID": 1
    }
  },
  {
    "_id": "5a57922d803708b522b2f894",
    "_parentId": "5a57922d803708b522b2f864",
    "_type": "block",
    "_isAvailable": true,
    "_isOptional": false,
    "_trackingId": 75,
    "_classes": "inverted color-two",
    "body": "",
    "displayTitle": " ",
    "title": " ",
    "_assessment": {
      "_quizBankID": 1
    }
  },
  {
    "_id": "5a57922d803708b522b2f8b0",
    "_parentId": "5a57922d803708b522b2f86a",
    "_type": "block",
    "_isAvailable": true,
    "_isOptional": false,
    "_trackingId": 76,
    "_classes": "",
    "body": "",
    "displayTitle": "   ",
    "title": "   ",
    "_assessment": {
      "_quizBankID": 1
    }
  },
  {
    "_id": "5a57922d803708b522b2f8aa",
    "_parentId": "5a57922d803708b522b2f869",
    "_type": "block",
    "_isAvailable": true,
    "_isOptional": false,
    "_trackingId": 77,
    "_classes": "color-six",
    "body": "",
    "displayTitle": "  ",
    "title": "  ",
    "_assessment": {
      "_quizBankID": 1
    }
  },
  {
    "_id": "5a57922d803708b522b2f8c0",
    "_parentId": "5a57922d803708b522b2f86d",
    "_type": "block",
    "_isAvailable": true,
    "_isOptional": false,
    "_trackingId": 78,
    "_classes": "inverted color-nine",
    "body": "",
    "displayTitle": "  ",
    "title": "  ",
    "_assessment": {
      "_quizBankID": 1
    }
  },
  {
    "_id": "5a57922d803708b522b2f8e4",
    "_parentId": "5a57922d803708b522b2f875",
    "_type": "block",
    "_isAvailable": true,
    "_isOptional": false,
    "_trackingId": 79,
    "_classes": "inverted color-nine",
    "body": "",
    "displayTitle": "  ",
    "title": "  ",
    "_assessment": {
      "_quizBankID": 1
    }
  },
  {
    "_id": "5a57922d803708b522b2f8b1",
    "_parentId": "5a57922d803708b522b2f86a",
    "_type": "block",
    "_isAvailable": true,
    "_isOptional": false,
    "_trackingId": 80,
    "_classes": "inverted color-seven",
    "body": "",
    "displayTitle": "  ",
    "title": "  ",
    "_assessment": {
      "_quizBankID": 1
    }
  },
  {
    "_id": "5a57922d803708b522b2f8c9",
    "_parentId": "5a57922d803708b522b2f86f",
    "_type": "block",
    "_isAvailable": true,
    "_isOptional": false,
    "_trackingId": 81,
    "_classes": "inverted color-five",
    "body": "",
    "displayTitle": " ",
    "title": " ",
    "_assessment": {
      "_quizBankID": 1
    }
  },
  {
    "_id": "5a57922d803708b522b2f8d3",
    "_parentId": "5a57922d803708b522b2f871",
    "_type": "block",
    "_isAvailable": true,
    "_isOptional": false,
    "_trackingId": 82,
    "_classes": "inverted color-six",
    "body": "<p>Try the two games below to see how effective pop-out can be. All you have to do is find the odd one out as quickly as possible.</p>\n",
    "displayTitle": "How effective is pop out?",
    "title": "How effective is pop out?",
    "_assessment": {
      "_quizBankID": 1
    }
  },
  {
    "_id": "5a57922d803708b522b2f8b5",
    "_parentId": "5a57922d803708b522b2f86b",
    "_type": "block",
    "_isAvailable": true,
    "_isOptional": false,
    "_trackingId": 83,
    "_classes": "inverted color-four ",
    "body": "",
    "displayTitle": " ",
    "title": " ",
    "_assessment": {
      "_quizBankID": 1
    }
  },
  {
    "_id": "5a57922d803708b522b2f879",
    "_parentId": "5a57922d803708b522b2f856",
    "_type": "block",
    "_isAvailable": true,
    "_isOptional": false,
    "_trackingId": 84,
    "_classes": "inverted color-six",
    "body": "",
    "displayTitle": "  ",
    "title": "  ",
    "_assessment": {
      "_quizBankID": 1
    }
  },
  {
    "_id": "5a57922d803708b522b2f88e",
    "_parentId": "5a57922d803708b522b2f863",
    "_type": "block",
    "_isAvailable": true,
    "_isOptional": false,
    "_trackingId": 85,
    "_classes": "inverted color-four",
    "body": "",
    "displayTitle": "  ",
    "title": "  ",
    "_assessment": {
      "_quizBankID": 1
    }
  },
  {
    "_id": "5a57922d803708b522b2f8a1",
    "_parentId": "5a57922d803708b522b2f867",
    "_type": "block",
    "_isAvailable": true,
    "_isOptional": false,
    "_trackingId": 86,
    "_classes": "inverted color-five",
    "body": "",
    "displayTitle": " ",
    "title": " ",
    "_assessment": {
      "_quizBankID": 1
    }
  },
  {
    "_id": "5a57922d803708b522b2f898",
    "_parentId": "5a57922d803708b522b2f865",
    "_type": "block",
    "_isAvailable": true,
    "_isOptional": false,
    "_trackingId": 87,
    "_classes": "inverted color-nine",
    "body": "",
    "displayTitle": " ",
    "title": " ",
    "_assessment": {
      "_quizBankID": 1
    }
  },
  {
    "_id": "5a57922d803708b522b2f8ab",
    "_parentId": "5a57922d803708b522b2f869",
    "_type": "block",
    "_isAvailable": true,
    "_isOptional": false,
    "_trackingId": 88,
    "_classes": "inverted color-six",
    "body": "",
    "displayTitle": "  ",
    "title": "  ",
    "_assessment": {
      "_quizBankID": 1
    }
  },
  {
    "_id": "5a57922d803708b522b2f8d8",
    "_parentId": "5a57922d803708b522b2f873",
    "_type": "block",
    "_isAvailable": true,
    "_isOptional": false,
    "_trackingId": 89,
    "_classes": "inverted color-four",
    "body": "",
    "displayTitle": " ",
    "title": " ",
    "_assessment": {
      "_quizBankID": 1
    }
  },
  {
    "_id": "5a57922d803708b522b2f8bc",
    "_parentId": "5a57922d803708b522b2f86c",
    "_type": "block",
    "_isAvailable": true,
    "_isOptional": false,
    "_trackingId": 90,
    "_classes": "color-two",
    "body": "",
    "displayTitle": " ",
    "title": " ",
    "_assessment": {
      "_quizBankID": 1
    }
  },
  {
    "_id": "5a57922d803708b522b2f8a7",
    "_parentId": "5a57922d803708b522b2f868",
    "_type": "block",
    "_isAvailable": true,
    "_isOptional": false,
    "_trackingId": 91,
    "_classes": "inverted color-seven",
    "body": "",
    "displayTitle": " ",
    "title": " ",
    "_assessment": {
      "_quizBankID": 1
    }
  },
  {
    "_id": "5a57922d803708b522b2f8cf",
    "_parentId": "5a57922d803708b522b2f871",
    "_type": "block",
    "_isAvailable": true,
    "_isOptional": false,
    "_trackingId": 92,
    "_classes": "color-six ",
    "body": "",
    "displayTitle": " ",
    "title": " ",
    "_assessment": {
      "_quizBankID": 1
    }
  },
  {
    "_id": "5a57922d803708b522b2f890",
    "_parentId": "5a57922d803708b522b2f863",
    "_type": "block",
    "_isAvailable": true,
    "_isOptional": false,
    "_trackingId": 93,
    "_classes": "color-two section-banner",
    "body": "",
    "displayTitle": "  ",
    "title": "  ",
    "_assessment": {
      "_quizBankID": 1
    }
  },
  {
    "_id": "5a57922d803708b522b2f8e5",
    "_parentId": "5a57922d803708b522b2f875",
    "_type": "block",
    "_isAvailable": true,
    "_isOptional": false,
    "_trackingId": 94,
    "_classes": "color-nine",
    "body": "",
    "displayTitle": " ",
    "title": " ",
    "_assessment": {
      "_quizBankID": 1
    }
  },
  {
    "_id": "5a57922d803708b522b2f87c",
    "_parentId": "5a57922d803708b522b2f856",
    "_type": "block",
    "_isAvailable": true,
    "_isOptional": false,
    "_trackingId": 95,
    "_classes": " color-six",
    "body": "",
    "displayTitle": "",
    "title": " ",
    "_assessment": {
      "_quizBankID": 1
    }
  },
  {
    "_id": "5a57922d803708b522b2f899",
    "_parentId": "5a57922d803708b522b2f865",
    "_type": "block",
    "_isAvailable": true,
    "_isOptional": false,
    "_trackingId": 96,
    "_classes": "color-nine",
    "body": "",
    "displayTitle": " ",
    "title": " ",
    "_assessment": {
      "_quizBankID": 1
    }
  },
  {
    "_id": "5a57922d803708b522b2f8db",
    "_parentId": "5a57922d803708b522b2f873",
    "_type": "block",
    "_isAvailable": true,
    "_isOptional": false,
    "_trackingId": 97,
    "_classes": "color-four ",
    "body": "",
    "displayTitle": " ",
    "title": " ",
    "_assessment": {
      "_quizBankID": 1
    }
  },
  {
    "_id": "5a57922d803708b522b2f8ca",
    "_parentId": "5a57922d803708b522b2f86f",
    "_type": "block",
    "_isAvailable": true,
    "_isOptional": false,
    "_trackingId": 98,
    "_classes": "section-banner color-seven",
    "body": "",
    "displayTitle": " ",
    "title": " ",
    "_assessment": {
      "_quizBankID": 1
    }
  },
  {
    "_id": "5a57922d803708b522b2f8c1",
    "_parentId": "5a57922d803708b522b2f86d",
    "_type": "block",
    "_isAvailable": true,
    "_isOptional": false,
    "_trackingId": 99,
    "_classes": "color-nine",
    "body": "",
    "displayTitle": "  ",
    "title": "  ",
    "_assessment": {
      "_quizBankID": 1
    }
  },
  {
    "_id": "5a57922d803708b522b2f8a2",
    "_parentId": "5a57922d803708b522b2f867",
    "_type": "block",
    "_isAvailable": true,
    "_isOptional": false,
    "_trackingId": 100,
    "_classes": "color-five",
    "body": "",
    "displayTitle": " ",
    "title": " ",
    "_assessment": {
      "_quizBankID": 1
    }
  },
  {
    "_id": "5a57922d803708b522b2f8ac",
    "_parentId": "5a57922d803708b522b2f869",
    "_type": "block",
    "_isAvailable": true,
    "_isOptional": false,
    "_trackingId": 101,
    "_classes": "color-six",
    "body": "",
    "displayTitle": "  ",
    "title": "  ",
    "_assessment": {
      "_quizBankID": 1
    }
  },
  {
    "_id": "5a57922d803708b522b2f8b6",
    "_parentId": "5a57922d803708b522b2f86b",
    "_type": "block",
    "_isAvailable": true,
    "_isOptional": false,
    "_trackingId": 102,
    "_classes": "color-four",
    "body": "",
    "displayTitle": " ",
    "title": " ",
    "_assessment": {
      "_quizBankID": 1
    }
  },
  {
    "_id": "5a57922d803708b522b2f87b",
    "_parentId": "5a57922d803708b522b2f856",
    "_type": "block",
    "_isAvailable": true,
    "_isOptional": false,
    "_trackingId": 103,
    "_classes": "inverted color-six",
    "body": "",
    "displayTitle": "",
    "title": " ",
    "_assessment": {
      "_quizBankID": 1
    }
  },
  {
    "_id": "5a57922d803708b522b2f8d2",
    "_parentId": "5a57922d803708b522b2f871",
    "_type": "block",
    "_isAvailable": true,
    "_isOptional": false,
    "_trackingId": 104,
    "_classes": "section-banner inverted color-seven ",
    "body": "",
    "displayTitle": " ",
    "title": " ",
    "_assessment": {
      "_quizBankID": 1
    }
  },
  {
    "_id": "5a57922d803708b522b2f8d9",
    "_parentId": "5a57922d803708b522b2f873",
    "_type": "block",
    "_isAvailable": true,
    "_isOptional": false,
    "_trackingId": 105,
    "_classes": "inverted color-four ",
    "body": "",
    "displayTitle": " ",
    "title": " ",
    "_assessment": {
      "_quizBankID": 1
    }
  },
  {
    "_id": "5a57922d803708b522b2f8e6",
    "_parentId": "5a57922d803708b522b2f875",
    "_type": "block",
    "_isAvailable": true,
    "_isOptional": false,
    "_trackingId": 106,
    "_classes": "inverted color-nine",
    "body": "",
    "displayTitle": "  ",
    "title": "  ",
    "_assessment": {
      "_quizBankID": 1
    }
  },
  {
    "_id": "5a57922d803708b522b2f8a3",
    "_parentId": "5a57922d803708b522b2f867",
    "_type": "block",
    "_isAvailable": true,
    "_isOptional": false,
    "_trackingId": 107,
    "_classes": "inverted color-seven section-banner",
    "body": "",
    "displayTitle": " ",
    "title": " ",
    "_assessment": {
      "_quizBankID": 1
    }
  },
  {
    "_id": "5a57922d803708b522b2f89a",
    "_parentId": "5a57922d803708b522b2f865",
    "_type": "block",
    "_isAvailable": true,
    "_isOptional": false,
    "_trackingId": 108,
    "_classes": " inverted color-seven section-banner",
    "body": "",
    "displayTitle": " ",
    "title": " ",
    "_assessment": {
      "_quizBankID": 1
    }
  },
  {
    "_id": "5a57922d803708b522b2f8ad",
    "_parentId": "5a57922d803708b522b2f869",
    "_type": "block",
    "_isAvailable": true,
    "_isOptional": false,
    "_trackingId": 109,
    "_classes": "inverted color-seven section-banner",
    "body": "",
    "displayTitle": "  ",
    "title": "  ",
    "_assessment": {
      "_quizBankID": 1
    }
  },
  {
    "_id": "5a57922d803708b522b2f8b7",
    "_parentId": "5a57922d803708b522b2f86b",
    "_type": "block",
    "_isAvailable": true,
    "_isOptional": false,
    "_trackingId": 110,
    "_classes": "inverted color-four",
    "body": "",
    "displayTitle": " ",
    "title": " ",
    "_assessment": {
      "_quizBankID": 1
    }
  },
  {
    "_id": "5a57922d803708b522b2f8c2",
    "_parentId": "5a57922d803708b522b2f86d",
    "_type": "block",
    "_isAvailable": true,
    "_isOptional": false,
    "_trackingId": 111,
    "_classes": "inverted color-seven ",
    "body": "",
    "displayTitle": "  ",
    "title": "  ",
    "_assessment": {
      "_quizBankID": 1
    }
  },
  {
    "_id": "5a57922d803708b522b2f8dd",
    "_parentId": "5a57922d803708b522b2f873",
    "_type": "block",
    "_isAvailable": true,
    "_isOptional": false,
    "_trackingId": 112,
    "_classes": "color-three",
    "body": "",
    "displayTitle": " ",
    "title": " ",
    "_assessment": {
      "_quizBankID": 1
    }
  },
  {
    "_id": "5a57922d803708b522b2f8e7",
    "_parentId": "5a57922d803708b522b2f875",
    "_type": "block",
    "_isAvailable": true,
    "_isOptional": false,
    "_trackingId": 113,
    "_classes": "color-seven section-banner",
    "body": "",
    "displayTitle": "  ",
    "title": "  ",
    "_assessment": {
      "_quizBankID": 1
    }
  },
  {
    "_id": "5a57922d803708b522b2f87e",
    "_parentId": "5a57922d803708b522b2f856",
    "_type": "block",
    "_isAvailable": true,
    "_isOptional": false,
    "_trackingId": 114,
    "_classes": " ",
    "body": "",
    "displayTitle": "",
    "title": "  ",
    "_assessment": {
      "_quizBankID": 1
    }
  },
  {
    "_id": "5a57922d803708b522b2f8b8",
    "_parentId": "5a57922d803708b522b2f86b",
    "_type": "block",
    "_isAvailable": true,
    "_isOptional": false,
    "_trackingId": 115,
    "_classes": "section-banner color-two",
    "body": "",
    "displayTitle": " ",
    "title": " ",
    "_assessment": {
      "_quizBankID": 1
    }
  },
  {
    "_id": "5a57922d803708b522b2f87d",
    "_parentId": "5a57922d803708b522b2f856",
    "_type": "block",
    "_isAvailable": true,
    "_isOptional": false,
    "_trackingId": 116,
    "_classes": "inverted color-seven section-banner",
    "body": "",
    "displayTitle": "  ",
    "title": "  ",
    "_assessment": {
      "_quizBankID": 1
    }
  }
]