[
  {
    "_id": "5a578ea7803708b522b2f05f",
    "_graphic": {
      "alt": "",
      "src": "course/en/assets/d31ed292b9a5b50993b9434076d7209a64401cc3.jpg"
    },
    "_parentId": "course",
    "_type": "page",
    "_isAvailable": true,
    "_isOptional": false,
    "_lockedBy": [],
    "duration": "",
    "linkText": "View",
    "_classes": "",
    "body": "<p>Opening up research data is critical for many reasons. In this module we explore what research data is, how it compares to open data and what activities are supporting its release.</p>",
    "displayTitle": "Why open research data?",
    "title": "Why open research data?",
    "_ODILicence": {
      "_items": []
    },
    "_skillsFramework": {
      "_skills": [
        {
          "level": "explorer",
          "credits": 5,
          "outcome": "Define research data"
        },
        {
          "outcome": "Explain how open research data fits in the scientific communication process",
          "credits": 5,
          "level": "explorer"
        },
        {
          "level": "explorer",
          "credits": 5,
          "outcome": "Explain the benefits of opening up research data"
        },
        {
          "level": "explorer",
          "credits": 5,
          "outcome": "List a number of influencing activities that support the opening of research data"
        }
      ]
    },
    "_pageLevelProgress": {
      "_isEnabled": true,
      "_showPageCompletion": true
    },
    "_aboutPage": {
      "aboutCredit": "",
      "SL_text": "",
      "_items": []
    }
  },
  {
    "_id": "5a578ea7803708b522b2f060",
    "_graphic": {
      "alt": "",
      "src": "course/en/assets/641546c15c0af8c554b833be3cc3dfc09ac0b997.jpg"
    },
    "_parentId": "course",
    "_type": "page",
    "_isAvailable": true,
    "_isOptional": false,
    "_lockedBy": [],
    "duration": "",
    "linkText": "View",
    "_classes": "",
    "body": "<p>Enriching data&nbsp;is a general term that refers to processes used to enhance, refine or otherwise improve or add value to raw data. This module explores some of the many techniques that are commonly applied to raw data and demonstrates how very little data can lead to immense insight through enriching.</p>",
    "displayTitle": "How to enrich data",
    "title": "How to enrich data",
    "_ODILicence": {
      "_items": []
    },
    "_skillsFramework": {
      "_skills": []
    },
    "_pageLevelProgress": {
      "_isEnabled": true,
      "_showPageCompletion": true
    },
    "_aboutPage": {
      "aboutCredit": "",
      "SL_text": "",
      "_items": []
    }
  },
  {
    "_id": "5a578ea7803708b522b2f061",
    "_graphic": {
      "alt": "",
      "src": "course/en/assets/2f02baa67a4f8276891c6dd8549dc00678e3abf3.jpg"
    },
    "_parentId": "course",
    "_type": "page",
    "_isAvailable": true,
    "_isOptional": false,
    "_lockedBy": [],
    "duration": "",
    "linkText": "View",
    "_classes": "",
    "body": "<p>Data exists in a multitude of structures and formats.&nbsp;The problem with these structures is that each is suited to a different format. Given the different combinations of structures and formats, combining and analysing data that exists in these different structures is a problem. This module explores a potential solution to this problem.</p>",
    "displayTitle": "RDF: Three is the magic number",
    "title": "RDF: Three is the magic number",
    "_ODILicence": {
      "_items": []
    },
    "_pageLevelProgress": {
      "_showPageCompletion": true,
      "_isEnabled": true
    },
    "_skillsFramework": {
      "_skills": []
    },
    "_aboutPage": {
      "aboutCredit": "",
      "SL_text": "",
      "_items": []
    }
  },
  {
    "_id": "5a578ea7803708b522b2f062",
    "_graphic": {
      "alt": "",
      "src": "course/en/assets/e75b5ea135fa3a1a636e64d93c85605bd992c031.png"
    },
    "_parentId": "course",
    "_type": "page",
    "_isAvailable": true,
    "_isOptional": false,
    "_lockedBy": [],
    "duration": "",
    "linkText": "View",
    "_classes": "",
    "body": "<p>In the 5-stars of linked open data, the 4th star states &quot;If you use identifiers for things, make them web based so people&nbsp;can point at your stuff&quot;. In this module we look at how the Resource Description Framework also recommends the use of web based identifiers and the caveats of doing so.</p>",
    "displayTitle": "Linked open data and RDF",
    "title": "Linked open data and RDF",
    "_ODILicence": {
      "_items": []
    },
    "_pageLevelProgress": {
      "_showPageCompletion": true,
      "_isEnabled": true
    },
    "_skillsFramework": {
      "_skills": []
    },
    "_aboutPage": {
      "aboutCredit": "",
      "SL_text": "",
      "_items": []
    }
  },
  {
    "_id": "5a578ea7803708b522b2f063",
    "_graphic": {
      "alt": "",
      "src": "course/en/assets/809f1e5e6778d0fee4519e132e89f5b92697e05b.jpg"
    },
    "_parentId": "course",
    "_type": "page",
    "_isAvailable": true,
    "_isOptional": false,
    "_lockedBy": [],
    "duration": "",
    "linkText": "View",
    "_classes": "",
    "body": "<p>Consistent availability of data is key to enabling reuse. This module looks at how to design and implement an Application Programming Interface (API) for data.&nbsp;</p>",
    "displayTitle": "Having a REST with API design",
    "title": "Having a REST with API design",
    "_ODILicence": {
      "_items": []
    },
    "_pageLevelProgress": {
      "_showPageCompletion": true,
      "_isEnabled": true
    },
    "_skillsFramework": {
      "_skills": []
    },
    "_aboutPage": {
      "aboutCredit": "",
      "SL_text": "",
      "_items": []
    }
  },
  {
    "_id": "5a578ea7803708b522b2f064",
    "_graphic": {
      "alt": "",
      "src": "course/en/assets/9ecec2d3dd059e44c55ee791655e13410eeeca3e.jpg"
    },
    "_parentId": "course",
    "_type": "page",
    "_isAvailable": true,
    "_isOptional": false,
    "_lockedBy": [],
    "duration": "",
    "linkText": "View",
    "_classes": "",
    "body": "<p>Schemas&nbsp;play a key role in enabling the wide, automated re-use of data. This module looks at the role of and importance of&nbsp;schemas in assisting reusability and quality of data.</p>",
    "displayTitle": "Choosing and designing schemas",
    "title": "Choosing and designing schemas",
    "_ODILicence": {
      "_items": []
    },
    "_pageLevelProgress": {
      "_showPageCompletion": true,
      "_isEnabled": true
    },
    "_skillsFramework": {
      "_skills": []
    },
    "_aboutPage": {
      "aboutCredit": "",
      "SL_text": "",
      "_items": []
    }
  },
  {
    "_id": "5a578ea7803708b522b2f065",
    "_graphic": {
      "alt": "",
      "src": "course/en/assets/d1a863354f7c7c10cb246d3db2e51a54a8964b23.png"
    },
    "_parentId": "course",
    "_type": "page",
    "_isAvailable": true,
    "_isOptional": false,
    "_lockedBy": [],
    "duration": "",
    "linkText": "View",
    "_classes": "",
    "body": "<p>Having introduced all the core concepts of linked open data, schemas and RDF this module looks at how schemas are applied to RDF and the connection with linked open data.&nbsp;</p><p>&nbsp;</p>",
    "displayTitle": "Schemas, linked open data and RDF",
    "title": "Schemas, linked open data and RDF",
    "_ODILicence": {
      "_items": []
    },
    "_pageLevelProgress": {
      "_showPageCompletion": true,
      "_isEnabled": true
    },
    "_skillsFramework": {
      "_skills": []
    },
    "_aboutPage": {
      "aboutCredit": "",
      "SL_text": "",
      "_items": []
    }
  },
  {
    "_id": "5a578ea7803708b522b2f066",
    "_graphic": {
      "alt": "",
      "src": "course/en/assets/b699be349773a0d0af7c814ed53dbb6719680eb0.png"
    },
    "_parentId": "course",
    "_type": "page",
    "_isAvailable": true,
    "_isOptional": false,
    "_lockedBy": [],
    "duration": "",
    "linkText": "View",
    "_classes": "",
    "body": "<p>In 2001, Sir Tim Berners-Lee put forward a vision for the future of the web; the semantic web. This module explores what the semantic web is, the relation to linked open data, RDF and schemas.&nbsp;</p><p>&nbsp;</p>",
    "displayTitle": "Is the semantic web the future of the web",
    "title": "Is the semantic web the future of the web",
    "_ODILicence": {
      "_items": []
    },
    "_pageLevelProgress": {
      "_showPageCompletion": true,
      "_isEnabled": true
    },
    "_skillsFramework": {
      "_skills": []
    },
    "_aboutPage": {
      "aboutCredit": "",
      "SL_text": "",
      "_items": []
    }
  },
  {
    "_id": "5a578ea7803708b522b2f067",
    "_graphic": {
      "alt": "",
      "src": "course/en/assets/a2756e19e10f71748e2ec0f93d349d45ca5cb205.jpg"
    },
    "_parentId": "course",
    "_type": "page",
    "_isAvailable": true,
    "_isOptional": false,
    "_lockedBy": [],
    "duration": "",
    "linkText": "View",
    "_classes": "",
    "body": "<p>Data analysis is key to find insight from data, however without a good statistical knowledge there is a high risk that the wrong insight could be found. This module introduces the key aspects of quantitative data analysis and looks at how these should and shouldn&#39;t be applied.</p>",
    "displayTitle": "Quantitative data analysis",
    "title": "Quantitative data analysis",
    "_pageLevelProgress": {
      "_isEnabled": true,
      "_showPageCompletion": true
    },
    "_skillsFramework": {
      "_skills": []
    },
    "_aboutPage": {
      "aboutCredit": "",
      "SL_text": "",
      "_items": []
    },
    "_ODILicence": {
      "_items": []
    }
  }
]