[
  {
    "_id": "5a578630803708b522b2e6b0",
    "_parentId": "5a578630803708b522b2e68b",
    "_type": "block",
    "_isAvailable": true,
    "_isOptional": false,
    "_trackingId": 1,
    "_classes": "color-one",
    "body": "",
    "displayTitle": "",
    "title": " ",
    "_assessment": {
      "_quizBankID": 1
    }
  },
  {
    "_id": "5a578630803708b522b2e6e1",
    "_parentId": "5a578630803708b522b2e698",
    "_type": "block",
    "_isAvailable": true,
    "_isOptional": false,
    "_trackingId": 2,
    "_classes": "inverted footer",
    "body": "",
    "displayTitle": " ",
    "title": " ",
    "_assessment": {
      "_quizBankID": 1
    }
  },
  {
    "_id": "5a578631803708b522b2e731",
    "_parentId": "5a578630803708b522b2e682",
    "_type": "block",
    "_isAvailable": true,
    "_isOptional": false,
    "_trackingId": 3,
    "_classes": "inverted color-two",
    "body": "",
    "displayTitle": " ",
    "title": " ",
    "_assessment": {
      "_quizBankID": 1
    }
  },
  {
    "_id": "5a578630803708b522b2e6d0",
    "_parentId": "5a578630803708b522b2e682",
    "_type": "block",
    "_isAvailable": true,
    "_isOptional": false,
    "_trackingId": 4,
    "_classes": "color-two",
    "body": "",
    "displayTitle": " ",
    "title": " ",
    "_assessment": {
      "_quizBankID": 1
    }
  },
  {
    "_id": "5a578630803708b522b2e6dc",
    "_parentId": "5a578630803708b522b2e68b",
    "_type": "block",
    "_isAvailable": true,
    "_isOptional": false,
    "_trackingId": 5,
    "_classes": "inverted color-one",
    "body": "",
    "displayTitle": " ",
    "title": " ",
    "_assessment": {
      "_quizBankID": 1
    }
  },
  {
    "_id": "5a578630803708b522b2e6e0",
    "_parentId": "5a578630803708b522b2e68b",
    "_type": "block",
    "_isAvailable": true,
    "_isOptional": false,
    "_trackingId": 6,
    "_classes": "color-one",
    "body": "",
    "displayTitle": " ",
    "title": " ",
    "_assessment": {
      "_quizBankID": 1
    }
  },
  {
    "_id": "5a578631803708b522b2e732",
    "_parentId": "5a578630803708b522b2e682",
    "_type": "block",
    "_isAvailable": true,
    "_isOptional": false,
    "_trackingId": 7,
    "_classes": "inverted color-two",
    "body": "",
    "displayTitle": " ",
    "title": " ",
    "_assessment": {
      "_quizBankID": 1
    }
  },
  {
    "_id": "5a578630803708b522b2e6d1",
    "_parentId": "5a578630803708b522b2e682",
    "_type": "block",
    "_isAvailable": true,
    "_isOptional": false,
    "_trackingId": 8,
    "_classes": "color-two",
    "body": "",
    "displayTitle": " ",
    "title": " ",
    "_assessment": {
      "_quizBankID": 1
    }
  },
  {
    "_id": "5a578630803708b522b2e6dd",
    "_parentId": "5a578630803708b522b2e68b",
    "_type": "block",
    "_isAvailable": true,
    "_isOptional": false,
    "_trackingId": 9,
    "_classes": "inverted color-one",
    "body": "",
    "displayTitle": " ",
    "title": " ",
    "_assessment": {
      "_quizBankID": 1
    }
  },
  {
    "_id": "5a578630803708b522b2e6de",
    "_parentId": "5a578630803708b522b2e68b",
    "_type": "block",
    "_isAvailable": true,
    "_isOptional": false,
    "_trackingId": 10,
    "_classes": "color-one",
    "body": "",
    "displayTitle": " ",
    "title": " ",
    "_assessment": {
      "_quizBankID": 1
    }
  },
  {
    "_id": "5a578630803708b522b2e6d8",
    "_parentId": "5a578630803708b522b2e68b",
    "_type": "block",
    "_isAvailable": true,
    "_isOptional": false,
    "_trackingId": 11,
    "_classes": "inverted color-one",
    "body": "",
    "displayTitle": " ",
    "title": " ",
    "_assessment": {
      "_quizBankID": 1
    }
  },
  {
    "_id": "5a578630803708b522b2e6df",
    "_parentId": "5a578630803708b522b2e68b",
    "_type": "block",
    "_isAvailable": true,
    "_isOptional": false,
    "_trackingId": 12,
    "_classes": "section-banner color-one",
    "body": "",
    "displayTitle": " ",
    "title": " ",
    "_assessment": {
      "_quizBankID": 1
    }
  }
]