[
  {
    "_id": "5a578630803708b522b2e67b",
    "_graphic": {
      "alt": "",
      "src": "course/en/assets/94164aeed2f6885fcdf44f9fe5484855c5238353.jpg"
    },
    "_parentId": "course",
    "_type": "page",
    "_isAvailable": true,
    "_isOptional": false,
    "_lockedBy": [],
    "duration": "",
    "linkText": "View",
    "_classes": "",
    "body": "<p>Open data is <strong>data</strong> that <strong>anyone</strong> can <strong>access</strong>, <strong>use</strong> and <strong>share</strong>. Governments, businesses and individuals can use open data to bring about social, economic and environmental benefits. This module explores what makes data open and why we need it.</p>",
    "displayTitle": "What is open data?",
    "title": "What is open data?",
    "_ODILicence": {
      "_items": []
    },
    "_aboutPage": {
      "_items": [],
      "SL_text": "",
      "aboutCredit": "<p>This work &quot;What is Open Data?&quot;, is a derivative of &quot;<a href=\"https://www.europeandataportal.eu/elearning/en/module1/#/id/co-01\" target=\"_blank\">What is Open Data?</a>&quot; by&nbsp;<a href=\"https://ec.europa.eu/commission/index_en\" target=\"_blank\">European Commission</a>, used under&nbsp;<a href=\"https://creativecommons.org/licenses/by-sa/4.0/\" target=\"_blank\">CC-BY-SA 4.0</a>.</p>"
    },
    "_skillsFramework": {
      "_skills": [
        {
          "level": "explorer",
          "credits": 5,
          "outcome": "Define open data"
        },
        {
          "level": "explorer",
          "credits": 5,
          "outcome": "Explain the need for open data"
        }
      ]
    },
    "_pageLevelProgress": {
      "_showPageCompletion": true,
      "_isEnabled": true
    }
  }
]