[
  {
    "_id": "5a578dd9803708b522b2eed9",
    "_parentId": "5a578dd9803708b522b2eed2",
    "_type": "article",
    "_isAvailable": true,
    "_isOptional": false,
    "_classes": "",
    "body": "",
    "displayTitle": " ",
    "title": " ",
    "_assessment": {
      "_attempts": -1,
      "_isResetOnRevisit": false,
      "_assessmentWeight": 1,
      "_includeInTotalScore": false,
      "_scoreToPass": 60,
      "_isPercentageBased": false,
      "_questions": {
        "_canShowModelAnswer": false,
        "_canShowMarking": false,
        "_canShowFeedback": false,
        "_resetType": "soft"
      },
      "_randomisation": {
        "_blockCount": 1,
        "_isEnabled": false
      },
      "_banks": {
        "_randomisation": false,
        "_split": "",
        "_isEnabled": false
      },
      "_id": "",
      "_isEnabled": false
    }
  },
  {
    "_id": "5a578dd9803708b522b2eedb",
    "_parentId": "5a578dd9803708b522b2eed4",
    "_type": "article",
    "_isAvailable": true,
    "_isOptional": false,
    "_classes": "",
    "body": "",
    "displayTitle": " ",
    "title": " ",
    "_assessment": {
      "_attempts": -1,
      "_isResetOnRevisit": false,
      "_assessmentWeight": 1,
      "_includeInTotalScore": false,
      "_scoreToPass": 60,
      "_isPercentageBased": false,
      "_questions": {
        "_canShowModelAnswer": false,
        "_canShowMarking": false,
        "_canShowFeedback": false,
        "_resetType": "soft"
      },
      "_randomisation": {
        "_blockCount": 1,
        "_isEnabled": false
      },
      "_banks": {
        "_randomisation": false,
        "_split": "",
        "_isEnabled": false
      },
      "_id": "",
      "_isEnabled": false
    }
  },
  {
    "_id": "5a578dd9803708b522b2eed6",
    "_parentId": "5a578dd9803708b522b2eed3",
    "_type": "article",
    "_isAvailable": true,
    "_isOptional": false,
    "_classes": "",
    "body": "",
    "displayTitle": " ",
    "title": " ",
    "_assessment": {
      "_attempts": -1,
      "_isResetOnRevisit": false,
      "_assessmentWeight": 1,
      "_includeInTotalScore": false,
      "_scoreToPass": 60,
      "_isPercentageBased": false,
      "_questions": {
        "_canShowModelAnswer": false,
        "_canShowMarking": false,
        "_canShowFeedback": false,
        "_resetType": "soft"
      },
      "_randomisation": {
        "_blockCount": 1,
        "_isEnabled": false
      },
      "_banks": {
        "_randomisation": false,
        "_split": "",
        "_isEnabled": false
      },
      "_id": "",
      "_isEnabled": false
    }
  },
  {
    "_id": "5a578dd9803708b522b2eedc",
    "_parentId": "5a578dd9803708b522b2eed4",
    "_type": "article",
    "_isAvailable": true,
    "_isOptional": false,
    "_classes": "",
    "body": "",
    "displayTitle": " ",
    "title": " ",
    "_assessment": {
      "_attempts": -1,
      "_isResetOnRevisit": false,
      "_assessmentWeight": 1,
      "_includeInTotalScore": true,
      "_scoreToPass": 60,
      "_isPercentageBased": true,
      "_questions": {
        "_canShowModelAnswer": true,
        "_canShowMarking": true,
        "_canShowFeedback": true,
        "_resetType": "soft"
      },
      "_randomisation": {
        "_blockCount": 1,
        "_isEnabled": false
      },
      "_banks": {
        "_randomisation": false,
        "_split": "",
        "_isEnabled": false
      },
      "_id": "standards",
      "_isEnabled": true
    }
  },
  {
    "_id": "5a578dd9803708b522b2eed7",
    "_parentId": "5a578dd9803708b522b2eed3",
    "_type": "article",
    "_isAvailable": true,
    "_isOptional": false,
    "_classes": "",
    "body": "",
    "displayTitle": " ",
    "title": " ",
    "_assessment": {
      "_attempts": -1,
      "_isResetOnRevisit": false,
      "_assessmentWeight": 1,
      "_includeInTotalScore": true,
      "_scoreToPass": 60,
      "_isPercentageBased": true,
      "_questions": {
        "_canShowModelAnswer": true,
        "_canShowMarking": true,
        "_canShowFeedback": true,
        "_resetType": "soft"
      },
      "_randomisation": {
        "_blockCount": 1,
        "_isEnabled": false
      },
      "_banks": {
        "_randomisation": false,
        "_split": "",
        "_isEnabled": false
      },
      "_id": "annotating",
      "_isEnabled": true
    }
  },
  {
    "_id": "5a578dd9803708b522b2eed5",
    "_parentId": "5a578dd9803708b522b2eed2",
    "_type": "article",
    "_isAvailable": true,
    "_isOptional": false,
    "_classes": "",
    "body": "",
    "displayTitle": " ",
    "title": " ",
    "_assessment": {
      "_attempts": -1,
      "_isResetOnRevisit": false,
      "_assessmentWeight": 1,
      "_includeInTotalScore": true,
      "_scoreToPass": 60,
      "_isPercentageBased": true,
      "_questions": {
        "_canShowModelAnswer": true,
        "_canShowMarking": true,
        "_canShowFeedback": true,
        "_resetType": "soft"
      },
      "_randomisation": {
        "_blockCount": 1,
        "_isEnabled": false
      },
      "_banks": {
        "_randomisation": false,
        "_split": "",
        "_isEnabled": false
      },
      "_id": "spectrum",
      "_isEnabled": true
    }
  },
  {
    "_id": "5a578dd9803708b522b2eed8",
    "_parentId": "5a578dd9803708b522b2eed3",
    "_type": "article",
    "_isAvailable": true,
    "_isOptional": false,
    "_classes": "",
    "body": "",
    "displayTitle": " ",
    "title": " ",
    "_assessment": {
      "_attempts": -1,
      "_isResetOnRevisit": false,
      "_assessmentWeight": 1,
      "_includeInTotalScore": false,
      "_scoreToPass": 60,
      "_isPercentageBased": false,
      "_questions": {
        "_canShowModelAnswer": false,
        "_canShowMarking": false,
        "_canShowFeedback": false,
        "_resetType": "soft"
      },
      "_randomisation": {
        "_blockCount": 1,
        "_isEnabled": false
      },
      "_banks": {
        "_randomisation": false,
        "_split": "",
        "_isEnabled": false
      },
      "_id": "",
      "_isEnabled": false
    }
  },
  {
    "_id": "5a578dd9803708b522b2eedd",
    "_parentId": "5a578dd9803708b522b2eed4",
    "_type": "article",
    "_isAvailable": true,
    "_isOptional": false,
    "_classes": "",
    "body": "",
    "displayTitle": " ",
    "title": " ",
    "_assessment": {
      "_attempts": -1,
      "_isResetOnRevisit": false,
      "_assessmentWeight": 1,
      "_includeInTotalScore": false,
      "_scoreToPass": 60,
      "_isPercentageBased": false,
      "_questions": {
        "_canShowModelAnswer": false,
        "_canShowMarking": false,
        "_canShowFeedback": false,
        "_resetType": "soft"
      },
      "_randomisation": {
        "_blockCount": 1,
        "_isEnabled": false
      },
      "_banks": {
        "_randomisation": false,
        "_split": "",
        "_isEnabled": false
      },
      "_id": "",
      "_isEnabled": false
    }
  },
  {
    "_id": "5a578dd9803708b522b2eeda",
    "_parentId": "5a578dd9803708b522b2eed2",
    "_type": "article",
    "_isAvailable": true,
    "_isOptional": false,
    "_classes": "",
    "body": "",
    "displayTitle": " ",
    "title": " ",
    "_assessment": {
      "_attempts": -1,
      "_isResetOnRevisit": false,
      "_assessmentWeight": 1,
      "_includeInTotalScore": false,
      "_scoreToPass": 60,
      "_isPercentageBased": false,
      "_questions": {
        "_canShowModelAnswer": false,
        "_canShowMarking": false,
        "_canShowFeedback": false,
        "_resetType": "soft"
      },
      "_randomisation": {
        "_blockCount": 1,
        "_isEnabled": false
      },
      "_banks": {
        "_randomisation": false,
        "_split": "",
        "_isEnabled": false
      },
      "_id": "",
      "_isEnabled": false
    }
  }
]