[
  {
    "_id": "5a579161803708b522b2f73f",
    "_parentId": "5a579161803708b522b2f73a",
    "_type": "article",
    "_isAvailable": true,
    "_isOptional": false,
    "_classes": "",
    "body": "",
    "displayTitle": " ",
    "title": " ",
    "_assessment": {
      "_attempts": -1,
      "_isResetOnRevisit": false,
      "_assessmentWeight": 1,
      "_includeInTotalScore": false,
      "_scoreToPass": 60,
      "_isPercentageBased": false,
      "_questions": {
        "_canShowModelAnswer": false,
        "_canShowMarking": false,
        "_canShowFeedback": false,
        "_resetType": "soft"
      },
      "_randomisation": {
        "_blockCount": 1,
        "_isEnabled": false
      },
      "_banks": {
        "_randomisation": false,
        "_split": "",
        "_isEnabled": false
      },
      "_id": "",
      "_isEnabled": false
    }
  },
  {
    "_id": "5a579161803708b522b2f73c",
    "_parentId": "5a579161803708b522b2f737",
    "_type": "article",
    "_isAvailable": true,
    "_isOptional": false,
    "_classes": "",
    "body": "",
    "displayTitle": " ",
    "title": " ",
    "_assessment": {
      "_attempts": -1,
      "_isResetOnRevisit": false,
      "_assessmentWeight": 1,
      "_includeInTotalScore": false,
      "_scoreToPass": 60,
      "_isPercentageBased": false,
      "_questions": {
        "_canShowModelAnswer": false,
        "_canShowMarking": false,
        "_canShowFeedback": false,
        "_resetType": "soft"
      },
      "_randomisation": {
        "_blockCount": 1,
        "_isEnabled": false
      },
      "_banks": {
        "_randomisation": false,
        "_split": "",
        "_isEnabled": false
      },
      "_id": "",
      "_isEnabled": false
    }
  },
  {
    "_id": "5a579161803708b522b2f746",
    "_parentId": "5a579161803708b522b2f739",
    "_type": "article",
    "_isAvailable": true,
    "_isOptional": false,
    "_classes": "",
    "body": "",
    "displayTitle": " ",
    "title": " ",
    "_assessment": {
      "_attempts": -1,
      "_isResetOnRevisit": false,
      "_assessmentWeight": 1,
      "_includeInTotalScore": false,
      "_scoreToPass": 60,
      "_isPercentageBased": false,
      "_questions": {
        "_canShowModelAnswer": false,
        "_canShowMarking": false,
        "_canShowFeedback": false,
        "_resetType": "soft"
      },
      "_randomisation": {
        "_blockCount": 1,
        "_isEnabled": false
      },
      "_banks": {
        "_randomisation": false,
        "_split": "",
        "_isEnabled": false
      },
      "_id": "",
      "_isEnabled": false
    }
  },
  {
    "_id": "5a579161803708b522b2f73d",
    "_parentId": "5a579161803708b522b2f738",
    "_type": "article",
    "_isAvailable": true,
    "_isOptional": false,
    "_classes": "",
    "body": "",
    "displayTitle": " ",
    "title": " ",
    "_assessment": {
      "_attempts": -1,
      "_isResetOnRevisit": false,
      "_assessmentWeight": 1,
      "_includeInTotalScore": false,
      "_scoreToPass": 60,
      "_isPercentageBased": false,
      "_questions": {
        "_canShowModelAnswer": false,
        "_canShowMarking": false,
        "_canShowFeedback": false,
        "_resetType": "soft"
      },
      "_randomisation": {
        "_blockCount": 1,
        "_isEnabled": false
      },
      "_banks": {
        "_randomisation": false,
        "_split": "",
        "_isEnabled": false
      },
      "_id": "",
      "_isEnabled": false
    }
  },
  {
    "_id": "5a579161803708b522b2f743",
    "_parentId": "5a579161803708b522b2f73b",
    "_type": "article",
    "_isAvailable": true,
    "_isOptional": false,
    "_classes": "",
    "body": "",
    "displayTitle": " ",
    "title": " ",
    "_assessment": {
      "_attempts": -1,
      "_isResetOnRevisit": false,
      "_assessmentWeight": 1,
      "_includeInTotalScore": false,
      "_scoreToPass": 60,
      "_isPercentageBased": false,
      "_questions": {
        "_canShowModelAnswer": false,
        "_canShowMarking": false,
        "_canShowFeedback": false,
        "_resetType": "soft"
      },
      "_randomisation": {
        "_blockCount": 1,
        "_isEnabled": false
      },
      "_banks": {
        "_randomisation": false,
        "_split": "",
        "_isEnabled": false
      },
      "_id": "",
      "_isEnabled": false
    }
  },
  {
    "_id": "5a579161803708b522b2f73e",
    "_parentId": "5a579161803708b522b2f739",
    "_type": "article",
    "_isAvailable": true,
    "_isOptional": false,
    "_classes": "",
    "body": "",
    "displayTitle": " ",
    "title": " ",
    "_assessment": {
      "_attempts": -1,
      "_isResetOnRevisit": false,
      "_assessmentWeight": 1,
      "_includeInTotalScore": true,
      "_scoreToPass": 60,
      "_isPercentageBased": true,
      "_questions": {
        "_canShowModelAnswer": true,
        "_canShowMarking": true,
        "_canShowFeedback": true,
        "_resetType": "soft"
      },
      "_randomisation": {
        "_blockCount": 1,
        "_isEnabled": false
      },
      "_banks": {
        "_randomisation": false,
        "_split": "",
        "_isEnabled": false
      },
      "_id": "starting",
      "_isEnabled": true
    }
  },
  {
    "_id": "5a579161803708b522b2f744",
    "_parentId": "5a579161803708b522b2f73b",
    "_type": "article",
    "_isAvailable": true,
    "_isOptional": false,
    "_classes": "",
    "body": "",
    "displayTitle": " ",
    "title": " ",
    "_assessment": {
      "_attempts": -1,
      "_isResetOnRevisit": false,
      "_assessmentWeight": 1,
      "_includeInTotalScore": true,
      "_scoreToPass": 60,
      "_isPercentageBased": true,
      "_questions": {
        "_canShowModelAnswer": true,
        "_canShowMarking": true,
        "_canShowFeedback": true,
        "_resetType": "soft"
      },
      "_randomisation": {
        "_blockCount": 1,
        "_isEnabled": false
      },
      "_banks": {
        "_randomisation": false,
        "_split": "",
        "_isEnabled": false
      },
      "_id": "growing",
      "_isEnabled": true
    }
  },
  {
    "_id": "5a579161803708b522b2f748",
    "_parentId": "5a579161803708b522b2f738",
    "_type": "article",
    "_isAvailable": true,
    "_isOptional": false,
    "_classes": "",
    "body": "",
    "displayTitle": " ",
    "title": " ",
    "_assessment": {
      "_attempts": -1,
      "_isResetOnRevisit": false,
      "_assessmentWeight": 1,
      "_includeInTotalScore": true,
      "_scoreToPass": 60,
      "_isPercentageBased": true,
      "_questions": {
        "_canShowModelAnswer": true,
        "_canShowMarking": true,
        "_canShowFeedback": true,
        "_resetType": "soft"
      },
      "_randomisation": {
        "_blockCount": 1,
        "_isEnabled": false
      },
      "_banks": {
        "_randomisation": false,
        "_split": "",
        "_isEnabled": false
      },
      "_id": "barriers",
      "_isEnabled": true
    }
  },
  {
    "_id": "5a579161803708b522b2f740",
    "_parentId": "5a579161803708b522b2f737",
    "_type": "article",
    "_isAvailable": true,
    "_isOptional": false,
    "_classes": "",
    "body": "",
    "displayTitle": " ",
    "title": " ",
    "_assessment": {
      "_attempts": -1,
      "_isResetOnRevisit": false,
      "_assessmentWeight": 1,
      "_includeInTotalScore": true,
      "_scoreToPass": 60,
      "_isPercentageBased": true,
      "_questions": {
        "_canShowModelAnswer": true,
        "_canShowMarking": true,
        "_canShowFeedback": true,
        "_resetType": "soft"
      },
      "_randomisation": {
        "_blockCount": 1,
        "_isEnabled": false
      },
      "_banks": {
        "_randomisation": false,
        "_split": "",
        "_isEnabled": false
      },
      "_id": "pitching",
      "_isEnabled": true
    }
  },
  {
    "_id": "5a579161803708b522b2f742",
    "_parentId": "5a579161803708b522b2f738",
    "_type": "article",
    "_isAvailable": true,
    "_isOptional": false,
    "_classes": "",
    "body": "",
    "displayTitle": " ",
    "title": " ",
    "_assessment": {
      "_attempts": -1,
      "_isResetOnRevisit": false,
      "_assessmentWeight": 1,
      "_includeInTotalScore": false,
      "_scoreToPass": 60,
      "_isPercentageBased": false,
      "_questions": {
        "_canShowModelAnswer": false,
        "_canShowMarking": false,
        "_canShowFeedback": false,
        "_resetType": "soft"
      },
      "_randomisation": {
        "_blockCount": 1,
        "_isEnabled": false
      },
      "_banks": {
        "_randomisation": false,
        "_split": "",
        "_isEnabled": false
      },
      "_id": "",
      "_isEnabled": false
    }
  },
  {
    "_id": "5a579161803708b522b2f747",
    "_parentId": "5a579161803708b522b2f739",
    "_type": "article",
    "_isAvailable": true,
    "_isOptional": false,
    "_classes": "",
    "body": "",
    "displayTitle": " ",
    "title": " ",
    "_assessment": {
      "_attempts": -1,
      "_isResetOnRevisit": false,
      "_assessmentWeight": 1,
      "_includeInTotalScore": false,
      "_scoreToPass": 60,
      "_isPercentageBased": false,
      "_questions": {
        "_canShowModelAnswer": false,
        "_canShowMarking": false,
        "_canShowFeedback": false,
        "_resetType": "soft"
      },
      "_randomisation": {
        "_blockCount": 1,
        "_isEnabled": false
      },
      "_banks": {
        "_randomisation": false,
        "_split": "",
        "_isEnabled": false
      },
      "_id": "",
      "_isEnabled": false
    }
  },
  {
    "_id": "5a579161803708b522b2f745",
    "_parentId": "5a579161803708b522b2f73b",
    "_type": "article",
    "_isAvailable": true,
    "_isOptional": false,
    "_classes": "",
    "body": "",
    "displayTitle": " ",
    "title": " ",
    "_assessment": {
      "_attempts": -1,
      "_isResetOnRevisit": false,
      "_assessmentWeight": 1,
      "_includeInTotalScore": false,
      "_scoreToPass": 60,
      "_isPercentageBased": false,
      "_questions": {
        "_canShowModelAnswer": false,
        "_canShowMarking": false,
        "_canShowFeedback": false,
        "_resetType": "soft"
      },
      "_randomisation": {
        "_blockCount": 1,
        "_isEnabled": false
      },
      "_banks": {
        "_randomisation": false,
        "_split": "",
        "_isEnabled": false
      },
      "_id": "",
      "_isEnabled": false
    }
  },
  {
    "_id": "5a579161803708b522b2f741",
    "_parentId": "5a579161803708b522b2f737",
    "_type": "article",
    "_isAvailable": true,
    "_isOptional": false,
    "_classes": "",
    "body": "",
    "displayTitle": " ",
    "title": " ",
    "_assessment": {
      "_attempts": -1,
      "_isResetOnRevisit": false,
      "_assessmentWeight": 1,
      "_includeInTotalScore": false,
      "_scoreToPass": 60,
      "_isPercentageBased": false,
      "_questions": {
        "_canShowModelAnswer": false,
        "_canShowMarking": false,
        "_canShowFeedback": false,
        "_resetType": "soft"
      },
      "_randomisation": {
        "_blockCount": 1,
        "_isEnabled": false
      },
      "_banks": {
        "_randomisation": false,
        "_split": "",
        "_isEnabled": false
      },
      "_id": "",
      "_isEnabled": false
    }
  }
]