[
  {
    "_id": "5a5790ed803708b522b2f6f9",
    "_graphic": {
      "alt": "",
      "src": "course/en/assets/f271a2d9838334d53d5c8625d0f6f2f2055f2fef.jpg"
    },
    "_parentId": "course",
    "_type": "page",
    "_isAvailable": true,
    "_isOptional": false,
    "_lockedBy": [],
    "duration": "",
    "linkText": "View",
    "_classes": "",
    "body": "<p>More and more organisations are seeing the benefits of opening data, whether through reducing costs, increasing revenue&nbsp;or helping them to achieve another organisational goal. For a lot of organisations, going open is a new opportunity that comes with its own challenges. In this module we explore when to open up data.</p>",
    "displayTitle": "When to open up data",
    "title": "When to open up data",
    "_ODILicence": {
      "_items": []
    },
    "_skillsFramework": {
      "_skills": [
        {
          "level": "explorer",
          "credits": 5,
          "outcome": "explain different situations for opening data "
        },
        {
          "level": "explorer",
          "credits": 10,
          "outcome": "Compare benefits of opening data in different situations"
        }
      ]
    },
    "_pageLevelProgress": {
      "_isEnabled": true,
      "_showPageCompletion": true
    },
    "_aboutPage": {
      "aboutCredit": "",
      "SL_text": "",
      "_items": []
    }
  }
]