[
  {
    "_id": "5a579161803708b522b2f767",
    "_parentId": "5a579161803708b522b2f743",
    "_type": "block",
    "_isAvailable": true,
    "_isOptional": false,
    "_trackingId": 1,
    "_classes": "color-four",
    "body": "",
    "displayTitle": " ",
    "title": " ",
    "_assessment": {
      "_quizBankID": 1
    }
  },
  {
    "_id": "5a579161803708b522b2f770",
    "_parentId": "5a579161803708b522b2f746",
    "_type": "block",
    "_isAvailable": true,
    "_isOptional": false,
    "_trackingId": 2,
    "_classes": "color-nine",
    "body": "",
    "displayTitle": "",
    "title": " ",
    "_assessment": {
      "_quizBankID": 1
    }
  },
  {
    "_id": "5a579161803708b522b2f749",
    "_parentId": "5a579161803708b522b2f73c",
    "_type": "block",
    "_isAvailable": true,
    "_isOptional": false,
    "_trackingId": 3,
    "_classes": "color-three",
    "body": "",
    "displayTitle": " ",
    "title": " ",
    "_assessment": {
      "_quizBankID": 1
    }
  },
  {
    "_id": "5a579161803708b522b2f74f",
    "_parentId": "5a579161803708b522b2f73d",
    "_type": "block",
    "_isAvailable": true,
    "_isOptional": false,
    "_trackingId": 4,
    "_classes": "color-two",
    "body": "",
    "displayTitle": "",
    "title": " ",
    "_assessment": {
      "_quizBankID": 1
    }
  },
  {
    "_id": "5a579161803708b522b2f752",
    "_parentId": "5a579161803708b522b2f73f",
    "_type": "block",
    "_isAvailable": true,
    "_isOptional": false,
    "_trackingId": 5,
    "_classes": "",
    "body": "<p>&nbsp;</p>\n\n<ul>\n</ul>\n",
    "displayTitle": "",
    "title": " ",
    "_assessment": {
      "_quizBankID": 1
    }
  },
  {
    "_id": "5a579161803708b522b2f775",
    "_parentId": "5a579161803708b522b2f748",
    "_type": "block",
    "_isAvailable": true,
    "_isOptional": false,
    "_trackingId": 6,
    "_classes": "inverted color-three",
    "body": "",
    "displayTitle": " ",
    "title": " ",
    "_assessment": {
      "_quizBankID": 1
    }
  },
  {
    "_id": "5a579161803708b522b2f763",
    "_parentId": "5a579161803708b522b2f742",
    "_type": "block",
    "_isAvailable": true,
    "_isOptional": false,
    "_trackingId": 7,
    "_classes": "inverted footer",
    "body": "",
    "displayTitle": " ",
    "title": " ",
    "_assessment": {
      "_quizBankID": 1
    }
  },
  {
    "_id": "5a579161803708b522b2f75a",
    "_parentId": "5a579161803708b522b2f73e",
    "_type": "block",
    "_isAvailable": true,
    "_isOptional": false,
    "_trackingId": 8,
    "_classes": "color-one",
    "body": "",
    "displayTitle": " ",
    "title": " ",
    "_assessment": {
      "_quizBankID": 1
    }
  },
  {
    "_id": "5a579161803708b522b2f75e",
    "_parentId": "5a579161803708b522b2f740",
    "_type": "block",
    "_isAvailable": true,
    "_isOptional": false,
    "_trackingId": 9,
    "_classes": "color-one",
    "body": "",
    "displayTitle": " ",
    "title": " ",
    "_assessment": {
      "_quizBankID": 1
    }
  },
  {
    "_id": "5a579161803708b522b2f76a",
    "_parentId": "5a579161803708b522b2f744",
    "_type": "block",
    "_isAvailable": true,
    "_isOptional": false,
    "_trackingId": 10,
    "_classes": "inverted color-two",
    "body": "",
    "displayTitle": " ",
    "title": " ",
    "_assessment": {
      "_quizBankID": 1
    }
  },
  {
    "_id": "5a579161803708b522b2f753",
    "_parentId": "5a579161803708b522b2f73f",
    "_type": "block",
    "_isAvailable": true,
    "_isOptional": false,
    "_trackingId": 11,
    "_classes": "",
    "body": "",
    "displayTitle": "What are stakeholders?",
    "title": "What are stakeholders?",
    "_assessment": {
      "_quizBankID": 1
    }
  },
  {
    "_id": "5a579161803708b522b2f74a",
    "_parentId": "5a579161803708b522b2f73c",
    "_type": "block",
    "_isAvailable": true,
    "_isOptional": false,
    "_trackingId": 12,
    "_classes": "inverted color-three",
    "body": "",
    "displayTitle": " ",
    "title": " ",
    "_assessment": {
      "_quizBankID": 1
    }
  },
  {
    "_id": "5a579161803708b522b2f772",
    "_parentId": "5a579161803708b522b2f746",
    "_type": "block",
    "_isAvailable": true,
    "_isOptional": false,
    "_trackingId": 13,
    "_classes": "inverted color-nine",
    "body": "",
    "displayTitle": " ",
    "title": " ",
    "_assessment": {
      "_quizBankID": 1
    }
  },
  {
    "_id": "5a579161803708b522b2f75f",
    "_parentId": "5a579161803708b522b2f740",
    "_type": "block",
    "_isAvailable": true,
    "_isOptional": false,
    "_trackingId": 14,
    "_classes": "inverted color-one",
    "body": "",
    "displayTitle": " ",
    "title": " ",
    "_assessment": {
      "_quizBankID": 1
    }
  },
  {
    "_id": "5a579161803708b522b2f764",
    "_parentId": "5a579161803708b522b2f743",
    "_type": "block",
    "_isAvailable": true,
    "_isOptional": false,
    "_trackingId": 15,
    "_classes": "inverted color-four",
    "body": "",
    "displayTitle": " ",
    "title": " ",
    "_assessment": {
      "_quizBankID": 1
    }
  },
  {
    "_id": "5a579161803708b522b2f759",
    "_parentId": "5a579161803708b522b2f73e",
    "_type": "block",
    "_isAvailable": true,
    "_isOptional": false,
    "_trackingId": 16,
    "_classes": "inverted color-one",
    "body": "",
    "displayTitle": " ",
    "title": " ",
    "_assessment": {
      "_quizBankID": 1
    }
  },
  {
    "_id": "5a579161803708b522b2f762",
    "_parentId": "5a579161803708b522b2f741",
    "_type": "block",
    "_isAvailable": true,
    "_isOptional": false,
    "_trackingId": 17,
    "_classes": "inverted footer ",
    "body": "",
    "displayTitle": " ",
    "title": " ",
    "_assessment": {
      "_quizBankID": 1
    }
  },
  {
    "_id": "5a579161803708b522b2f76c",
    "_parentId": "5a579161803708b522b2f744",
    "_type": "block",
    "_isAvailable": true,
    "_isOptional": false,
    "_trackingId": 18,
    "_classes": "color-two",
    "body": "",
    "displayTitle": " ",
    "title": " ",
    "_assessment": {
      "_quizBankID": 1
    }
  },
  {
    "_id": "5a579161803708b522b2f776",
    "_parentId": "5a579161803708b522b2f748",
    "_type": "block",
    "_isAvailable": true,
    "_isOptional": false,
    "_trackingId": 19,
    "_classes": "color-three",
    "body": "",
    "displayTitle": " ",
    "title": " ",
    "_assessment": {
      "_quizBankID": 1
    }
  },
  {
    "_id": "5a579161803708b522b2f773",
    "_parentId": "5a579161803708b522b2f747",
    "_type": "block",
    "_isAvailable": true,
    "_isOptional": false,
    "_trackingId": 20,
    "_classes": "inverted footer",
    "body": "",
    "displayTitle": " ",
    "title": " ",
    "_assessment": {
      "_quizBankID": 1
    }
  },
  {
    "_id": "5a579161803708b522b2f76b",
    "_parentId": "5a579161803708b522b2f745",
    "_type": "block",
    "_isAvailable": true,
    "_isOptional": false,
    "_trackingId": 21,
    "_classes": "inverted footer ",
    "body": "",
    "displayTitle": " ",
    "title": " ",
    "_assessment": {
      "_quizBankID": 1
    }
  },
  {
    "_id": "5a579161803708b522b2f750",
    "_parentId": "5a579161803708b522b2f73d",
    "_type": "block",
    "_isAvailable": true,
    "_isOptional": false,
    "_trackingId": 22,
    "_classes": "inverted color-two",
    "body": "",
    "displayTitle": " ",
    "title": " ",
    "_assessment": {
      "_quizBankID": 1
    }
  },
  {
    "_id": "5a579161803708b522b2f777",
    "_parentId": "5a579161803708b522b2f748",
    "_type": "block",
    "_isAvailable": true,
    "_isOptional": false,
    "_trackingId": 23,
    "_classes": "inverted color-three",
    "body": "",
    "displayTitle": " ",
    "title": " ",
    "_assessment": {
      "_quizBankID": 1
    }
  },
  {
    "_id": "5a579161803708b522b2f757",
    "_parentId": "5a579161803708b522b2f73d",
    "_type": "block",
    "_isAvailable": true,
    "_isOptional": false,
    "_trackingId": 24,
    "_classes": "color-two",
    "body": "",
    "displayTitle": " ",
    "title": " ",
    "_assessment": {
      "_quizBankID": 1
    }
  },
  {
    "_id": "5a579161803708b522b2f756",
    "_parentId": "5a579161803708b522b2f73f",
    "_type": "block",
    "_isAvailable": true,
    "_isOptional": false,
    "_trackingId": 25,
    "_classes": "",
    "body": "",
    "displayTitle": "Why collaborate with stakeholders?",
    "title": "Why collaborate with stakeholders?",
    "_assessment": {
      "_quizBankID": 1
    }
  },
  {
    "_id": "5a579161803708b522b2f75d",
    "_parentId": "5a579161803708b522b2f73c",
    "_type": "block",
    "_isAvailable": true,
    "_isOptional": false,
    "_trackingId": 26,
    "_classes": "color-three",
    "body": "",
    "displayTitle": " ",
    "title": " ",
    "_assessment": {
      "_quizBankID": 1
    }
  },
  {
    "_id": "5a579161803708b522b2f75b",
    "_parentId": "5a579161803708b522b2f73e",
    "_type": "block",
    "_isAvailable": true,
    "_isOptional": false,
    "_trackingId": 27,
    "_classes": "color-one",
    "body": "",
    "displayTitle": " ",
    "title": " ",
    "_assessment": {
      "_quizBankID": 1
    }
  },
  {
    "_id": "5a579161803708b522b2f760",
    "_parentId": "5a579161803708b522b2f740",
    "_type": "block",
    "_isAvailable": true,
    "_isOptional": false,
    "_trackingId": 28,
    "_classes": "",
    "body": "",
    "displayTitle": " ",
    "title": " ",
    "_assessment": {
      "_quizBankID": 1
    }
  },
  {
    "_id": "5a579161803708b522b2f768",
    "_parentId": "5a579161803708b522b2f743",
    "_type": "block",
    "_isAvailable": true,
    "_isOptional": false,
    "_trackingId": 29,
    "_classes": "color-four",
    "body": "",
    "displayTitle": " ",
    "title": " ",
    "_assessment": {
      "_quizBankID": 1
    }
  },
  {
    "_id": "5a579161803708b522b2f769",
    "_parentId": "5a579161803708b522b2f744",
    "_type": "block",
    "_isAvailable": true,
    "_isOptional": false,
    "_trackingId": 30,
    "_classes": "inverted color-two",
    "body": "",
    "displayTitle": " ",
    "title": " ",
    "_assessment": {
      "_quizBankID": 1
    }
  },
  {
    "_id": "5a579161803708b522b2f76d",
    "_parentId": "5a579161803708b522b2f746",
    "_type": "block",
    "_isAvailable": true,
    "_isOptional": false,
    "_trackingId": 31,
    "_classes": "color-nine",
    "body": "",
    "displayTitle": " ",
    "title": " ",
    "_assessment": {
      "_quizBankID": 1
    }
  },
  {
    "_id": "5a579161803708b522b2f751",
    "_parentId": "5a579161803708b522b2f73d",
    "_type": "block",
    "_isAvailable": true,
    "_isOptional": false,
    "_trackingId": 32,
    "_classes": "inverted color-two",
    "body": "",
    "displayTitle": " ",
    "title": " ",
    "_assessment": {
      "_quizBankID": 1
    }
  },
  {
    "_id": "5a579161803708b522b2f765",
    "_parentId": "5a579161803708b522b2f743",
    "_type": "block",
    "_isAvailable": true,
    "_isOptional": false,
    "_trackingId": 33,
    "_classes": "inverted color-four",
    "body": "",
    "displayTitle": " ",
    "title": " ",
    "_assessment": {
      "_quizBankID": 1
    }
  },
  {
    "_id": "5a579161803708b522b2f754",
    "_parentId": "5a579161803708b522b2f73f",
    "_type": "block",
    "_isAvailable": true,
    "_isOptional": false,
    "_trackingId": 34,
    "_classes": "",
    "body": "",
    "displayTitle": "Identifying types of stakeholders",
    "title": "Identifying types of stakeholders",
    "_assessment": {
      "_quizBankID": 1
    }
  },
  {
    "_id": "5a579161803708b522b2f74b",
    "_parentId": "5a579161803708b522b2f73c",
    "_type": "block",
    "_isAvailable": true,
    "_isOptional": false,
    "_trackingId": 35,
    "_classes": "inverted color-three",
    "body": "",
    "displayTitle": " ",
    "title": " ",
    "_assessment": {
      "_quizBankID": 1
    }
  },
  {
    "_id": "5a579161803708b522b2f76e",
    "_parentId": "5a579161803708b522b2f746",
    "_type": "block",
    "_isAvailable": true,
    "_isOptional": false,
    "_trackingId": 36,
    "_classes": "inverted color-nine",
    "body": "",
    "displayTitle": " ",
    "title": " ",
    "_assessment": {
      "_quizBankID": 1
    }
  },
  {
    "_id": "5a579161803708b522b2f75c",
    "_parentId": "5a579161803708b522b2f73e",
    "_type": "block",
    "_isAvailable": true,
    "_isOptional": false,
    "_trackingId": 37,
    "_classes": "inverted color-one",
    "body": "",
    "displayTitle": " ",
    "title": " ",
    "_assessment": {
      "_quizBankID": 1
    }
  },
  {
    "_id": "5a579161803708b522b2f766",
    "_parentId": "5a579161803708b522b2f743",
    "_type": "block",
    "_isAvailable": true,
    "_isOptional": false,
    "_trackingId": 38,
    "_classes": "color-one",
    "body": "",
    "displayTitle": " ",
    "title": " ",
    "_assessment": {
      "_quizBankID": 1
    }
  },
  {
    "_id": "5a579161803708b522b2f774",
    "_parentId": "5a579161803708b522b2f73d",
    "_type": "block",
    "_isAvailable": true,
    "_isOptional": false,
    "_trackingId": 39,
    "_classes": "section-banner",
    "body": "",
    "displayTitle": " ",
    "title": " ",
    "_assessment": {
      "_quizBankID": 1
    }
  },
  {
    "_id": "5a579161803708b522b2f755",
    "_parentId": "5a579161803708b522b2f73f",
    "_type": "block",
    "_isAvailable": true,
    "_isOptional": false,
    "_trackingId": 40,
    "_classes": "",
    "body": "",
    "displayTitle": "Mapping stakeholders",
    "title": "Mapping stakeholders",
    "_assessment": {
      "_quizBankID": 1
    }
  },
  {
    "_id": "5a579161803708b522b2f74c",
    "_parentId": "5a579161803708b522b2f73c",
    "_type": "block",
    "_isAvailable": true,
    "_isOptional": false,
    "_trackingId": 41,
    "_classes": "color-three",
    "body": "",
    "displayTitle": " ",
    "title": " ",
    "_assessment": {
      "_quizBankID": 1
    }
  },
  {
    "_id": "5a579161803708b522b2f771",
    "_parentId": "5a579161803708b522b2f746",
    "_type": "block",
    "_isAvailable": true,
    "_isOptional": false,
    "_trackingId": 42,
    "_classes": "color-nine",
    "body": "",
    "displayTitle": " ",
    "title": " ",
    "_assessment": {
      "_quizBankID": 1
    }
  },
  {
    "_id": "5a579161803708b522b2f761",
    "_parentId": "5a579161803708b522b2f740",
    "_type": "block",
    "_isAvailable": true,
    "_isOptional": false,
    "_trackingId": 43,
    "_classes": "inverted color-one",
    "body": "",
    "displayTitle": " ",
    "title": " ",
    "_assessment": {
      "_quizBankID": 1
    }
  },
  {
    "_id": "5a579161803708b522b2f74d",
    "_parentId": "5a579161803708b522b2f73c",
    "_type": "block",
    "_isAvailable": true,
    "_isOptional": false,
    "_trackingId": 44,
    "_classes": "inverted color-three",
    "body": "",
    "displayTitle": " ",
    "title": " ",
    "_assessment": {
      "_quizBankID": 1
    }
  },
  {
    "_id": "5a579161803708b522b2f74e",
    "_parentId": "5a579161803708b522b2f73c",
    "_type": "block",
    "_isAvailable": true,
    "_isOptional": false,
    "_trackingId": 45,
    "_classes": "color-three",
    "body": "",
    "displayTitle": " ",
    "title": " ",
    "_assessment": {
      "_quizBankID": 1
    }
  },
  {
    "_id": "5a579161803708b522b2f758",
    "_parentId": "5a579161803708b522b2f73c",
    "_type": "block",
    "_isAvailable": true,
    "_isOptional": false,
    "_trackingId": 46,
    "_classes": "inverted color-one",
    "body": "",
    "displayTitle": " ",
    "title": " ",
    "_assessment": {
      "_quizBankID": 1
    }
  },
  {
    "_id": "5a579161803708b522b2f76f",
    "_parentId": "5a579161803708b522b2f746",
    "_type": "block",
    "_isAvailable": true,
    "_isOptional": false,
    "_trackingId": 47,
    "_classes": "inverted color-one",
    "body": "",
    "displayTitle": " ",
    "title": " ",
    "_assessment": {
      "_quizBankID": 1
    }
  }
]