{
  "_globals": {
    "_accessibility": {
      "accessibilityToggleTextOn": "Turn accessibility on?",
      "accessibilityToggleTextOff": "Turn accessibility off?",
      "_accessibilityInstructions": {
        "touch": "Usage instructions. Use swipe left for next. Use swipe right for previous. Use a double tab to select. Use a two finger slide up to go to the top of the page.",
        "notouch": "Usage instructions. Use tab for next. Use shift tab for previous. Use enter to select. Use escape to go to the top of the page.",
        "ipad": "Usage instructions for touchscreens. Use swipe left for next. Use swipe right for previous. Use a double tab to select. Use a two finger slide up to go to the top of the page. Usage instructions for keyboard access. Use left for next. Use right for previous. Use up and down together to select."
      },
      "_ariaLabels": {
        "navigation": "Course navigation bar",
        "menuLoaded": "Menu loaded",
        "menu": "Menu",
        "menuItem": "Menu item",
        "menuViewButton": "Select here to enter",
        "page": "Page",
        "pageLoaded": "Page loaded",
        "previous": "Back",
        "navigationBack": "Navigate back",
        "navigationDrawer": "Open course resources and search",
        "closeResources": "Close resources",
        "drawerBack": "Back to drawer",
        "drawer": "Side drawer",
        "closePopup": "Close popup",
        "next": "Next",
        "done": "Done",
        "complete": "Complete",
        "incomplete": "Incomplete",
        "correct": "Correct",
        "locked": "Locked",
        "accessibilityToggleButton": "By selecting this button you can set whether accessibility is turned on or off",
        "feedbackPopUp": "Popup opened",
        "visited": "Visited",
        "menuBack": "Back to menu",
        "menuIndicatorHeading": "Menu item heading "
      }
    },
    "_components": {
      "_graphic": {
        "ariaRegion": ""
      },
      "_text": {
        "ariaRegion": ""
      },
      "_media": {
        "ariaRegion": "This is a media component which plays a video. Select the play / pause button to watch or listen.",
        "transcriptButton": "Alternatively you can select the link below for the transcript."
      },
      "_mcq": {
        "ariaRegion": "This component is a multiple choice question. Once you have selected an option select the submit button below"
      },
      "_narrative": {
        "ariaRegion": "This component displays an image gallery with accompanying text. Use the next and back navigation controls to work through the narrative."
      },
      "_accordion": {
        "ariaRegion": "This component is an accordion comprised of collapsible content panels containing display text. Select the item titles to toggle the visibility of these content panels."
      }
    },
    "_extensions": {
      "_pageLevelProgress": {
        "pageLevelProgress": "Page sections",
        "pageLevelProgressIndicatorBar": "Progress bar. Select here to view your current progress, and select an item to navigate to it. You have completed ",
        "pageLevelProgressMenuBar": "You have completed ",
        "pageLevelProgressEnd": "You have reached the end of the list of page sections.",
        "optionalContent": "Optional Content"
      },
      "_ODILicence": {
        "linkText": "Licence",
        "titleText": "Licence"
      },
      "_skillsFramework": {
        "linkText": "Outcomes",
        "titleText": "Learning outcomes"
      },
      "_aboutPage": {
        "linkText": "About",
        "titleText": "About",
        "contactEMail": "training@theodi.org",
        "contactLinkText": "Contact",
        "aboutCredit": "",
        "SL_text": "",
        "SL_facebook": "",
        "SL_flickr": "",
        "SL_github": "",
        "SL_scribd": "",
        "SL_soundcloud": "",
        "SL_twitter": "",
        "SL_vimeo": "",
        "SL_youtube": ""
      }
    }
  },
  "_id": "course",
  "_start": {
    "_isEnabled": true,
    "_startIds": [
      {
        "_id": "5a576a12b6720cc1189328dd",
        "_skipIfComplete": false,
        "_className": ""
      }
    ],
    "_force": true,
    "_isMenuDisabled": true
  },
  "_type": "course",
  "_lockType": "",
  "_classes": "",
  "_buttons": {
    "_submit": {
      "buttonText": "Submit",
      "ariaLabel": "Submit"
    },
    "_reset": {
      "buttonText": "Reset",
      "ariaLabel": "Reset"
    },
    "_showCorrectAnswer": {
      "buttonText": "Show correct answer",
      "ariaLabel": "Show correct answer"
    },
    "_hideCorrectAnswer": {
      "buttonText": "Hide correct answer",
      "ariaLabel": "Hide correct answer"
    },
    "_showFeedback": {
      "buttonText": "Show feedback",
      "ariaLabel": "Show feedback"
    },
    "remainingAttemptsText": "remaining attempts",
    "remainingAttemptText": "final attempt",
    "disabledAriaLabel": "This button is disabled at the moment"
  },
  "_latestTrackingId": 12,
  "body": "<p dir=\"ltr\">This is the ODEdu scorm wrapper.&nbsp;</p><p dir=\"ltr\">How to use:</p><ol dir=\"ltr\"><li>Use offline script to move a module inside this wrapper</li><li>Remove any other modules</li><li>Update the start controller</li><li>Preview to ensure works</li><li>Download</li></ol>",
  "displayTitle": "ODEdu scorm wrapper",
  "title": "ODEdu scorm wrapper",
  "_assessment": {
    "_requireAssessmentPassed": false,
    "_scoreToPass": 60,
    "_isPercentageBased": false,
    "_postTotalScoreToLms": false
  },
  "_ODILicence": {
    "_items": []
  },
  "_pageLevelProgress": {
    "_showPageCompletion": true,
    "_isEnabled": true
  },
  "_aboutPage": {
    "_items": []
  }
}